Scraper,BASE_URL,Status,Notes,Run
One2169,https://12160.info,OK,,./scraper-run ./scrapers/12160_info.py One2169 fulltest
SeventeenWtvCom,http://www.17wtv.com,OK,,./scraper-run ./scrapers/17wtv_com.py SeventeenWtvCom fulltest
OneChannelMovieCom,http://www.1channelmovie.com,FAILURE,ScraperFetchException 'Origin Unreachable' <>
VodlyTo,http://vodly.cr,OK,,./scraper-run ./scrapers/1channelmovie_com.py VodlyTo fulltest
Year2013zone,http://www.2013zone.com,OK,,./scraper-run ./scrapers/2013zone_com.py Year2013zone fulltest
Movies3004U,http://300mbmovies4u.co,OK,,./scraper-run ./scrapers/300mbmovies4u_com.py Movies3004U fulltest
_300mbunited,http://www.300mbunited.me,OK,,./scraper-run ./scrapers/300mbunited_me.py _300mbunited fulltest
ThreeDsbs4u,http://3dsbs4u.com,OK,,./scraper-run ./scrapers/3dsbs4u_com.py ThreeDsbs4u fulltest
FourdomaNet,http://4doma.net,OK,,./scraper-run ./scrapers/4doma_net.py FourdomaNet fulltest
_4k_hd_movies,https://4k-hd-movies.tv,OK,,./scraper-run ./scrapers/4k_hd_movies_tv.py _4k_hd_movies fulltest
FourSharedCom,https://www.4shared.com,OK,,./scraper-run ./scrapers/4shared_com.py FourSharedCom fulltest
SixtyTwoY,http://www.62y.net,OK,,./scraper-run ./scrapers/62y_net.py SixtyTwoY fulltest
SixvhaoCom,http://www.6vhao.com,OK,,./scraper-run ./scrapers/6vhao_com.py SixvhaoCom fulltest
NineXmovies,https://9xmovies.to,OK,,./scraper-run ./scrapers/9xmovies_in.py NineXmovies fulltest
AcfunCn,http://www.acfun.cn,OK,,./scraper-run ./scrapers/acfun_cn.py AcfunCn fulltest
AfdahTv,http://afdah.to,OK,,./scraper-run ./scrapers/afdah_tv.py AfdahTv fulltest
AflamhqCom,http://www.aflamhq.co,OK,http://www.aflamhq.co/,./scraper-run ./scrapers/aflamhq_com.py AflamhqCom fulltest
Ahoradot,http://www.ahoradot.net,OK,,./scraper-run ./scrapers/ahoradot_net.py Ahoradot fulltest
AkibaOnlineCom,https://www.akiba-online.com,FAILURE,ScraperFetchException 'Exception from requests' <class 'requests.exceptions.ConnectTimeout'>
AkoamCom,http://akoam.com,OK,,./scraper-run ./scrapers/akoam_com.py AkoamCom fulltest
AliveUaCom,http://alive-ua.com,OK,,./scraper-run ./scrapers/alive_ua_com.py AliveUaCom fulltest
AllpeliculasCom,http://allpeliculas.com,OK,,./scraper-run ./scrapers/allpeliculas_com.py AllpeliculasCom fulltest
AllSoftMac,http://allsoftmac.com,OK,,./scraper-run ./scrapers/allsoftmac_com.py AllSoftMac fulltest
AlltubeTv,http://alltube.tv,FAILURE,ScraperFetchException 'Forbidden' <>
AllUCDotCom,http://www.alluc.ee,OK,,./scraper-run ./scrapers/alluc_com.py AllUCDotCom fulltest
AllYouLike,http://www.allyoulike.com,OK,,./scraper-run ./scrapers/allyoulike_com.py AllYouLike fulltest
AltadefinizioneClub,http://altadefinizione.bid,OK,,./scraper-run ./scrapers/altadefinizione_club.py AltadefinizioneClub fulltest
AmoviesOrg,http://amovies.biz,OK,,./scraper-run ./scrapers/amovies_org.py AmoviesOrg fulltest
AnimmexNet,https://www.animmex.net,OK,,./scraper-run ./scrapers/animmex_net.py AnimmexNet fulltest
AnyDown,http://www.anydown.info,OK,,./scraper-run ./scrapers/anydown_info.py AnyDown fulltest
AnzhuotanCom,http://www.anzhuotan.com,OK,,./scraper-run ./scrapers/anzhuotan_com.py AnzhuotanCom fulltest
AllucComAPI,http://www.alluc.ee,OK,,./scraper-run ./scrapers/api_alluc_com.py AllucComAPI fulltest
Apps4all,http://www.apps4all.com,OK,,./scraper-run ./scrapers/apps4all_com.py Apps4all fulltest
AquiPelisNet,http://aquipelis.net,FAILURE,ScraperFetchException 'Forbidden' <>
ArabSeed,http://www.arabseed.com,OK,http://www.arabseed.com/,./scraper-run ./scrapers/arabseed_com.py ArabSeed fulltest
AracinemaCo,http://aracinema.co,OK,,./scraper-run ./scrapers/aracinema_co.py AracinemaCo fulltest
AsdlUs,http://asdl.us,OK,,./scraper-run ./scrapers/asdl_us.py AsdlUs fulltest
AvxhomeIn,https://avxhm.se/,OK,,./scraper-run ./scrapers/avxhome_in.py AvxhomeIn fulltest
AwesomeDl,http://awesomedl.ru,OK,,./scraper-run ./scrapers/awesomedl_ru.py AwesomeDl fulltest
b9dmCom,http://b9dm.com,OK,,./scraper-run ./scrapers/b9dm_com.py b9dmCom fulltest
Bagus21,http://bagus21.net,OK,,./scraper-run ./scrapers/bagus21_net.py Bagus21 fulltest
FilmBagus21,http://filmbagus21.space,OK,,./scraper-run ./scrapers/bagus21_net.py FilmBagus21 fulltest
BaixeTurbo,https://www.sobaixar.net,FAILURE,ScraperFetchException 'Exception from requests' <class 'requests.exceptions.ConnectTimeout'>
BajuiCom,http://www.bajui.com,OK,,./scraper-run ./scrapers/bajui_com.py BajuiCom fulltest
BalkandownloadOrg,http://www.balkandownload.org,OK,,./scraper-run ./scrapers/balkandownload_org.py BalkandownloadOrg fulltest
BeetvMe,http://beetv.me,OK,,./scraper-run ./scrapers/beetv_me.py BeetvMe fulltest
BestMoviesInfo,http://best-movies.info,FAILURE,ScraperFetchException 'Exception from requests' <class 'requests.exceptions.ConnectTimeout'>
BestdownloadfreeCom,http://bestdownloadfree.com,OK,,./scraper-run ./scrapers/bestdownloadfree_com.py BestdownloadfreeCom fulltest
BestKinoSU,http://kinofor.me,OK,,./scraper-run ./scrapers/bestkino_su.py BestKinoSU fulltest
BicapsNet,http://www.bicaps.net,OK,,./scraper-run ./scrapers/bicaps_net.py BicapsNet fulltest
BigCinemaTV,http://bigcinema.to,REDIRECT,https://bigcinema.to/,./scraper-run ./scrapers/bigcinema_tv.py BigCinemaTV fulltest
BinMovie,http://binmovie.org,OK,,./scraper-run ./scrapers/binmovie_org.py BinMovie fulltest
BliveKg,http://www.blive.kg,OK,,./scraper-run ./scrapers/blive_kg.py BliveKg fulltest
BoardsNet,https://boards.net,ERROR,404,./scraper-run ./scrapers/boards_net.py BoardsNet fulltest
BobFilmNet,http://bobfilm.club,OK,,./scraper-run ./scrapers/bobfilm_net.py BobFilmNet fulltest
BoerseSx,http://www.boerse.sx,OK,,./scraper-run ./scrapers/boerse_sx.py BoerseSx fulltest
BoerseTo,https://boerse.to,OK,,./scraper-run ./scrapers/boerse_to.py BoerseTo fulltest
BombujEu,http://www.bombuj.eu,OK,,./scraper-run ./scrapers/bombuj_eu.py BombujEu fulltest
BomtanOrg,http://bomtan.org,OK,,./scraper-run ./scrapers/bomtan_org.py BomtanOrg fulltest
BsTo,https://bs.to,FAILURE,ScraperFetchException 'No Content' <>
CalitatehdCom,http://calitatehd.com,OK,,./scraper-run ./scrapers/calitatehd_com.py CalitatehdCom fulltest
CapaMe,http://www.capa.me,OK,,./scraper-run ./scrapers/capa_me.py CapaMe fulltest
CartelMovies,http://www.cartelmovies.net,REDIRECT,http://cartelmovies.net/,./scraper-run ./scrapers/cartelmovies_net.py CartelMovies fulltest
CasaCinemaOrg,http://www.casacinema.video,OK,,./scraper-run ./scrapers/casa_cinema_org.py CasaCinemaOrg fulltest
CasaCinemaBZ,https://cb-01.eu,OK,,./scraper-run ./scrapers/casacinema_bz.py CasaCinemaBZ fulltest
CastordownloadNet,http://www.castordownload.net,OK,,./scraper-run ./scrapers/castordownload_net.py CastordownloadNet fulltest
Cb01Co,https://www.cb01.uno,OK,,./scraper-run ./scrapers/cb01_co.py Cb01Co fulltest
Cda_pl,http://www.cda.pl,REDIRECT,https://www.cda.pl/,./scraper-run ./scrapers/cda_pl.py Cda_pl fulltest
Chan131So,http://chan131.so/,OK,,./scraper-run ./scrapers/chan131_so.py Chan131So fulltest
ChciserialyCz,http://www.chciserialy.cz,OK,,./scraper-run ./scrapers/chciserialy_cz.py ChciserialyCz fulltest
ChomikujPl,http://chomikuj.pl,OK,,./scraper-run ./scrapers/chomikuj_pl.py ChomikujPl fulltest
Cima4uTv,http://cima4u.tv,OK,,./scraper-run ./scrapers/cima4u_tv.py Cima4uTv fulltest
CimamixNet,http://cimamix.co,REDIRECT,http://cimamix.net/,./scraper-run ./scrapers/cimamix_net.py CimamixNet fulltest
Cineblog01Bz,https://www.cineblog01.blog,OK,,./scraper-run ./scrapers/cineblog01_bz.py Cineblog01Bz fulltest
CineBlog01,http://www.cineblog01.cool,OK,,./scraper-run ./scrapers/cineblog01_li.py CineBlog01 fulltest
CineCalidad,http://www.cinecalidad.to,OK,,./scraper-run ./scrapers/cinecalidad_com.py CineCalidad fulltest
CineCinema,http://cinecinema.org,OK,,./scraper-run ./scrapers/cinecinema_org.py CineCinema fulltest
CineFoxTV,http://www.cinefox.tv,OK,,./scraper-run ./scrapers/cinefox_tv.py CineFoxTV fulltest
ArablionzTv,http://arablionz.tv,FAILURE,ScraperFetchProxyException 'Service Temporarily Unavailable' <>
Cinemalek,http://cinemalek.com,OK,,./scraper-run ./scrapers/cinemalek_com.py Cinemalek fulltest
CinemaliberoCom,http://www.cinemalibero.tv,OK,,./scraper-run ./scrapers/cinemalibero_com.py CinemaliberoCom fulltest
CinemaqualidadeCom,http://www.cinemaqualidade.to,OK,,./scraper-run ./scrapers/cinemaqualidade_com.py CinemaqualidadeCom fulltest
CinemavfBiz,http://cinemavf.bz,REDIRECT,http://cinemavf.ws/,./scraper-run ./scrapers/cinemavf_biz.py CinemavfBiz fulltest
CinemayCom,http://www.cinemay.com,OK,,./scraper-run ./scrapers/cinemay_com.py CinemayCom fulltest
CineTuxOrg,http://www.cinetux.net,OK,,./scraper-run ./scrapers/cinetux_org.py CineTuxOrg fulltest
Clarinel,http://www.clarinel.com,OK,,./scraper-run ./scrapers/clarinel_com.py Clarinel fulltest
ClicksudNet,http://www.clicksud.org,OK,,./scraper-run ./scrapers/clicksud_net.py ClicksudNet fulltest
ClipikiRu,http://clipiki.ru,OK,,./scraper-run ./scrapers/clipiki_ru.py ClipikiRu fulltest
ClubedownCom,http://clubedanet.com,OK,,./scraper-run ./scrapers/clubedown_com.py ClubedownCom fulltest
Cn163Net,http://cn163.net,REDIRECT,/?WebShieldDRSessionVerify=cYBZ2sPxJpuxAnz0ses8,./scraper-run ./scrapers/cn163_net.py Cn163Net fulltest
CokeandpopcornCh,http://www.cokeandpopcorn.ch,OK,http://www.cokeandpopcorn.ch/,./scraper-run ./scrapers/cokeandpopcorn_ch.py CokeandpopcornCh fulltest
ColdfilmRu,http://coldfilm.ru,OK,,./scraper-run ./scrapers/coldfilm_ru.py ColdfilmRu fulltest
ComotinTv,http://comotin.tv,OK,,./scraper-run ./scrapers/comotin_tv.py ComotinTv fulltest
Compucaltive,http://www.compucalitv.com,OK,,./scraper-run ./scrapers/compucalitv_com.py Compucaltive fulltest
Contentchina,http://www.contentchina.com,OK,,./scraper-run ./scrapers/contentchina.py Contentchina fulltest
CoolMovieZone,http://coolmoviezone.net,OK,,./scraper-run ./scrapers/coolmoviezone_org.py CoolMovieZone fulltest
CooltvseriesCom,https://cooltvseries.com,OK,,./scraper-run ./scrapers/cooltvseries_com.py CooltvseriesCom fulltest
CoolXVidNet,http://www.coolxvid.net,OK,,./scraper-run ./scrapers/coolxvid_net.py CoolXVidNet fulltest
CopiapopCom,http://copiapop.com,OK,,./scraper-run ./scrapers/copiapop_com.py CopiapopCom fulltest
CouchTunerCh,http://couch-tuner.ch,OK,,./scraper-run ./scrapers/couch_tuner_ch.py CouchTunerCh fulltest
CouchTuner2In,http://couch-tuner2.in,OK,,./scraper-run ./scrapers/couchtuner2_in.py CouchTuner2In fulltest
CouchTunerEU,http://www.couch-tuner.ag,REDIRECT,http://mycouchtuner.ag/,./scraper-run ./scrapers/couchtuner_eu.py CouchTunerEU fulltest
CouchTunerME,http://www.couchtuner.video,OK,,./scraper-run ./scrapers/couchtuner_me.py CouchTunerME fulltest
CS_Puchatek,http://cs-puchatek.pl,OK,,./scraper-run ./scrapers/cs_puchatek_pl.py CS_Puchatek fulltest
CucircaEu,http://cucirca.eu,OK,,./scraper-run ./scrapers/cucirca_eu.py CucircaEu fulltest
Cuevana2Tv,http://www.cuevana2.tv,OK,,./scraper-run ./scrapers/cuevana2_tv.py Cuevana2Tv fulltest
CwerWS,http://cwer.ru,OK,,./scraper-run ./scrapers/cwer_ws.py CwerWS fulltest
DaclipsIn,http://daclips.in,OK,,./scraper-run ./scrapers/daclips_in.py DaclipsIn fulltest
Daleide,http://www.daleide.com,OK,,./scraper-run ./scrapers/daleide_com.py Daleide fulltest
DarkWarezPL,http://darkwarez.pl,OK,,./scraper-run ./scrapers/darkwarez_pl.py DarkWarezPL fulltest
DatalinkekCom,https://datalinkek.com,OK,https://datalinkek.com/,./scraper-run ./scrapers/datalinkek_com.py DatalinkekCom fulltest
DatoidCz,https://datoid.cz,OK,,./scraper-run ./scrapers/datoid_cz.py DatoidCz fulltest
DayazMedia,https://dayaz.media,FAILURE,ScraperFetchException 'Exception from requests' <class 'requests.exceptions.SSLError'>
DdlIslandSu,http://www.ddl-island.su,OK,,./scraper-run ./scrapers/ddl_island_su.py DdlIslandSu fulltest
DdlMe,http://en.ddl.me,OK,,./scraper-run ./scrapers/ddl_me.py DdlMe fulltest
DeDdlMe,http://de.ddl.me,OK,,./scraper-run ./scrapers/ddl_me.py DeDdlMe fulltest
DdlfrOrg,https://ddlfr.org,OK,,./scraper-run ./scrapers/ddlfr_org.py DdlfrOrg fulltest
DdlgalaxyCom,http://www.ddlgalaxy.com,OK,,./scraper-run ./scrapers/ddlgalaxy_com.py DdlgalaxyCom fulltest
DDLSpotCom,http://www.ddlspot.com,OK,,./scraper-run ./scrapers/ddlspot_com.py DDLSpotCom fulltest
DDLValleyRocks,http://www.ddlvalley.cool,OK,,./scraper-run ./scrapers/ddlvalley_rocks.py DDLValleyRocks fulltest
Degraca,http://www.degraca.org,FAILURE,ScraperFetchException 'Exception from requests' <class 'requests.exceptions.ConnectTimeout'>
Derinport,http://derinport.in,OK,,./scraper-run ./scrapers/derinport_in.py Derinport fulltest
DescargatelocorpCom,http://www.descargatelocorp.com,OK,,./scraper-run ./scrapers/descargatelocorp_com.py DescargatelocorpCom fulltest
Desene3dCom,http://desene3d.com,OK,,./scraper-run ./scrapers/desene3d_com.py Desene3dCom fulltest
DesmixNet,https://ddmix.net,OK,,./scraper-run ./scrapers/desmix_net.py DesmixNet fulltest
DevxStudios,http://devxstudiv.org,OK,,./scraper-run ./scrapers/devxstudios_net.py DevxStudios fulltest
DirtywarezCom,https://dirtywarez.com,FAILURE,ScraperFetchException 'Exception from requests' <class 'requests.exceptions.SSLError'>
DiskokosmikoMx,http://diskokosmiko.mx,OK,,./scraper-run ./scrapers/diskokosmiko_mx.py DiskokosmikoMx fulltest
Dizi720pCom,http://www.dizi720p.co,OK,,./scraper-run ./scrapers/dizi720p_com.py Dizi720pCom fulltest
DizigoldNet,http://www.dizigold1.com,OK,,./scraper-run ./scrapers/dizigold_net.py DizigoldNet fulltest
DiziizleNet,http://www.diziizle.net,OK,,./scraper-run ./scrapers/diziizle_net.py DiziizleNet fulltest
DizilerCom,http://www.diziler.com,OK,,./scraper-run ./scrapers/diziler_com.py DizilerCom fulltest
DizistNet,http://www.dizist1.com,OK,,./scraper-run ./scrapers/dizist_net.py DizistNet fulltest
Dl4All,http://www.dl4all.ws,OK,,./scraper-run ./scrapers/dl4all_ws.py Dl4All fulltest
DLFree24HCom,http://dlfree24h.com,OK,,./scraper-run ./scrapers/dlfree24h.py DLFree24HCom fulltest
DLwarez,https://dlwarez.in,OK,,./scraper-run ./scrapers/dlwarez_in.py DLwarez fulltest
DomkinoKz,http://domkino.kz,OK,,./scraper-run ./scrapers/domkino_kz.py DomkinoKz fulltest
DonangHdCom,https://www.donang-hd.com,OK,,./scraper-run ./scrapers/donang_hd_com.py DonangHdCom fulltest
DoridroCom,http://doridro.com,OK,,./scraper-run ./scrapers/doridro_com.py DoridroCom fulltest
DoustihaIr,http://www.doustiha.ir,OK,,./scraper-run ./scrapers/doustiha_ir.py DoustihaIr fulltest
DowncargasCom,http://downcargas.com,OK,,./scraper-run ./scrapers/downcargas_com.py DowncargasCom fulltest
DownduckCom,http://www.downduck.com,OK,,./scraper-run ./scrapers/downduck_com.py DownduckCom fulltest
Downeu,http://www.downeu.xyz,OK,,./scraper-run ./scrapers/downeu_xyz.py Downeu fulltest
DownloadHub,https://downloadhub.in,OK,,./scraper-run ./scrapers/downloadhub_net.py DownloadHub fulltest
DownloadMovieFreeMe,https://www.downloadmoviefree.me,OK,,./scraper-run ./scrapers/downloadmoviefree_me.py DownloadMovieFreeMe fulltest
DownloadsfullNet,http://www.downloadsfull.biz,FAILURE,ScraperFetchException 'Exception from requests' <class 'requests.exceptions.ConnectTimeout'>
Downpit,http://downpit.com,OK,,./scraper-run ./scrapers/downpit_com.py Downpit fulltest
DownTurkBiz,http://www.downturk.net,OK,,./scraper-run ./scrapers/downturk_biz.py DownTurkBiz fulltest
DpseriesNet,http://dpseries.net,OK,,./scraper-run ./scrapers/dpseries_net.py DpseriesNet fulltest
DPStreamNet,https://www.dpstream.net,OK,,./scraper-run ./scrapers/dpstream_net.py DPStreamNet fulltest
DpstreamingTv,http://dpstreaming.me,OK,,./scraper-run ./scrapers/dpstreaming_tv.py DpstreamingTv fulltest
DreamFilmHdOrg,http://dreamfilmhd.sh,OK,,./scraper-run ./scrapers/dreamfilmhd_org.py DreamFilmHdOrg fulltest
Dreammovie8In,http://dreammovie8.in,OK,,./scraper-run ./scrapers/dreammovie8_in.py Dreammovie8In fulltest
EasyVideoMe,http://www.easyvideo.me,OK,,./scraper-run ./scrapers/easyvideo_me.py EasyVideoMe fulltest
EBookeeOrg,https://ebookee.org,OK,,./scraper-run ./scrapers/ebookee_org.py EBookeeOrg fulltest
EcFilmesCom,http://www.ecfilmes.com,FAILURE,ScraperFetchException 'Exception from requests' <class 'requests.exceptions.ConnectionError'>
EgfireCom,http://egfire.com,OK,,./scraper-run ./scrapers/egfire_com.py EgfireCom fulltest
EgyBest,https://egy.best,OK,,./scraper-run ./scrapers/egy_best.py EgyBest fulltest
EkinoTvPl,http://ekino-tv.pl,OK,,./scraper-run ./scrapers/ekino_tv_pl.py EkinoTvPl fulltest
EkrankaTV,http://ekranka.tv,OK,,./scraper-run ./scrapers/ekranka_tv.py EkrankaTV fulltest
Elmejoranime,http://www.elmejoranime.org,OK,,./scraper-run ./scrapers/elmejoranime_org.py Elmejoranime fulltest
EmuleIslandRu,http://www.emule-island.ru,OK,,./scraper-run ./scrapers/emule_island_ru.py EmuleIslandRu fulltest
EnterAz,http://enter.az,OK,,./scraper-run ./scrapers/enter_az.py EnterAz fulltest
EpidemzCom,http://epidemz.co,OK,,./scraper-run ./scrapers/epidemz_com.py EpidemzCom fulltest
EuroStreamingTV,https://eurostreaming.club,OK,,./scraper-run ./scrapers/eurostreaming_tv.py EuroStreamingTV fulltest
EurostreamingVideo,http://www.eurostreaming.video,OK,,./scraper-run ./scrapers/eurostreaming_video.py EurostreamingVideo fulltest
ExcluziveNet,http://www.excluzive.net,OK,,./scraper-run ./scrapers/excluzive_net.py ExcluziveNet fulltest
ExDown,https://www.extreme-down.in,REDIRECT,https://www.extreme-down.one/,./scraper-run ./scrapers/exdown_org.py ExDown fulltest
ExvagosNet,http://www.exvagos.net,OK,http://www.exvagos.net/,./scraper-run ./scrapers/exvagos_net.py ExvagosNet fulltest
FanstashLa,http://fanstash.se,OK,,./scraper-run ./scrapers/fanstash_la.py FanstashLa fulltest
FastshareCz,http://fastshare.cz,FAILURE,ScraperFetchProxyException 'Service Temporarily Unavailable' <>
FFilmsOrg,http://ffilms.org,OK,,./scraper-run ./scrapers/ffilms_org.py FFilmsOrg fulltest
FightvideoMmatdCom,http://fightvideo.mmatd.com,OK,,./scraper-run ./scrapers/fightvideo_mmatd_com.py FightvideoMmatdCom fulltest
FileGe,http://www.file.ge,OK,,./scraper-run ./scrapers/file_ge.py FileGe fulltest
FileShareTop,http://file-share.top,OK,,./scraper-run ./scrapers/file_share_top.py FileShareTop fulltest
FileCatch,http://filecatch.com,OK,,./scraper-run ./scrapers/filecatch_com.py FileCatch fulltest
FileKnow,http://fileknow.org,OK,,./scraper-run ./scrapers/fileknow_org.py FileKnow fulltest
FileMirrors,http://filemirrors.info,OK,,./scraper-run ./scrapers/filemirrors_info.py FileMirrors fulltest
FileNewzCom,http://filenewz.xyz,OK,,./scraper-run ./scrapers/filenewz_com.py FileNewzCom fulltest
Filepoch,http://filepoch.com,OK,,./scraper-run ./scrapers/filepoch_com.py Filepoch fulltest
FiliserPl,http://filiser.tv,OK,,./scraper-run ./scrapers/filiser_pl.py FiliserPl fulltest
FilmSerialSk,http://www.film-serial.sk,OK,,./scraper-run ./scrapers/film_serial_sk.py FilmSerialSk fulltest
FilmStreamOrg,http://film-stream.biz,OK,,./scraper-run ./scrapers/film_stream_org.py FilmStreamOrg fulltest
FilmStreamingVfCom,http://filmstreamingvf.ws,OK,,./scraper-run ./scrapers/film_streaming_vf_com.py FilmStreamingVfCom fulltest
FilmstreamVkCom,http://filmstreamvk.net,REDIRECT,http://filmstreamvk.ws/,./scraper-run ./scrapers/film_streaming_vf_com.py FilmstreamVkCom fulltest
Filme3dNet,http://filme3d.net,OK,,./scraper-run ./scrapers/filme3d_net.py Filme3dNet fulltest
Filme5Net,http://filme5.net,OK,,./scraper-run ./scrapers/filme5_net.py Filme5Net fulltest
FilmeBuneNet,http://www.filme-bune.net,OK,,./scraper-run ./scrapers/filme_bune_net.py FilmeBuneNet fulltest
FilmeOnlineBiz,http://filmeonline.to,OK,,./scraper-run ./scrapers/filme_online_biz.py FilmeOnlineBiz fulltest
FilmeSerialeHdCom,http://www.filme-seriale-hd.com,OK,,./scraper-run ./scrapers/filme_seriale_hd_com.py FilmeSerialeHdCom fulltest
FilmeTraduseRo,http://filmetraduse.online,OK,,./scraper-run ./scrapers/filme_traduse_ro.py FilmeTraduseRo fulltest
FilmehdNet,http://filmehd.net,OK,,./scraper-run ./scrapers/filmehd_net.py FilmehdNet fulltest
FilmehdgratisBiz,http://www.filmehdgratis.biz,OK,,./scraper-run ./scrapers/filmehdgratis_biz.py FilmehdgratisBiz fulltest
FilmehdonlineOrg,http://www.filmehdonline.org,OK,,./scraper-run ./scrapers/filmehdonline_org.py FilmehdonlineOrg fulltest
FilmeHDonlinero,https://filmehdonlinero.net,OK,,./scraper-run ./scrapers/filmehdonlinero_net.py FilmeHDonlinero fulltest
FilmeOnline2016,http://www.filmeonline2016.ro/,OK,,./scraper-run ./scrapers/filmeonline2016_ro.py FilmeOnline2016 fulltest
FilmeonlineBiz,http://www.filmeonline.biz,OK,,./scraper-run ./scrapers/filmeonline_biz.py FilmeonlineBiz fulltest
FilmeSeriale2016,http://filmeseriale2016.com,OK,,./scraper-run ./scrapers/filmeseriale2016_com.py FilmeSeriale2016 fulltest
FilmeserialeOnline,https://filmeseriale.online,OK,,./scraper-run ./scrapers/filmeseriale_online.py FilmeserialeOnline fulltest
FilmeserialeonlineOrg,http://www.filmeserialeonline.org,OK,,./scraper-run ./scrapers/filmeserialeonline_org.py FilmeserialeonlineOrg fulltest
FilmesMegaHD,http://www.filmesmegahd.net/,OK,,./scraper-run ./scrapers/filmesmegahd_net.py FilmesMegaHD fulltest
FilmesonlineagoraCom,http://filmesonlineagora.com,FAILURE,ScraperFetchException 'Origin Connection Time-out' <>
Filmesonlinehd11Cc,http://www.filmesonlinehd11.cc,OK,,./scraper-run ./scrapers/filmesonlinehd11_cc.py Filmesonlinehd11Cc fulltest
FilmesserieshdCom,http://filmesserieshd.com,FAILURE,request() got an unexpected keyword argument 'raise_proxy_errors'
FilmezzEu,http://filmezz.eu,OK,,./scraper-run ./scrapers/filmezz_eu.py FilmezzEu fulltest
FilmFreeTv,http://filmfree.tv,OK,,./scraper-run ./scrapers/filmfree_tv.py FilmFreeTv fulltest
FilmhouseCz,https://filmhouse.cz/,OK,,./scraper-run ./scrapers/filmhouse_cz.py FilmhouseCz fulltest
Filmi7Com,http://filmi7.com,OK,,./scraper-run ./scrapers/filmi7_com.py Filmi7Com fulltest
FilmiFullizleOrg,http://www.filmifullizle.org,OK,,./scraper-run ./scrapers/filmifullizle_org.py FilmiFullizleOrg fulltest
FilmiizleOrg,http://www.dijifem.com,OK,,./scraper-run ./scrapers/filmiizle_org.py FilmiizleOrg fulltest
FilmikTv,http://filmik.tv,OK,,./scraper-run ./scrapers/filmik_tv.py FilmikTv fulltest
FilmIkz,https://filmikz.ch,OK,,./scraper-run ./scrapers/filmikz_ch.py FilmIkz fulltest
FilmIndirGenTr,http://www.filmindir.gen.tr,OK,,./scraper-run ./scrapers/filmindirgen_tr.py FilmIndirGenTr fulltest
FilmInndirOrg,http://filminndir.net,OK,,./scraper-run ./scrapers/filminndir_org.py FilmInndirOrg fulltest
FilmionlineizleNet,http://www.filmionlineizle.net,OK,,./scraper-run ./scrapers/filmionlineizle_net.py FilmionlineizleNet fulltest
FilmiWapIn,http://filmiwap.uclip.mobi,OK,,./scraper-run ./scrapers/filmiwap_in.py FilmiWapIn fulltest
FilmizleseneComTr,http://www.filmizlesene.com.tr,OK,,./scraper-run ./scrapers/filmizlesene_com_tr.py FilmizleseneComTr fulltest
FilmLinks4UTo,https://www.filmlinks4u.is,OK,,./scraper-run ./scrapers/filmlinks4u_to.py FilmLinks4UTo fulltest
FilmoljupciCom,https://filmoljupci.com,OK,,./scraper-run ./scrapers/filmoljupci_com.py FilmoljupciCom fulltest
FilmovinadlanuCom,http://www.ludaksite.net,OK,,./scraper-run ./scrapers/filmovinadlanu_com.py FilmovinadlanuCom fulltest
FilmovixCom,http://www.filmovix.com,OK,,./scraper-run ./scrapers/filmovix_com.py FilmovixCom fulltest
FilmovizijaWs,http://www.filmovizija.ws,OK,,./scraper-run ./scrapers/filmovizija_ws.py FilmovizijaWs fulltest
FilmPalastTo,http://filmpalast.to,OK,,./scraper-run ./scrapers/filmpalast_to.py FilmPalastTo fulltest
FilmPerTuttiCo,http://www.filmpertutti.black,OK,,./scraper-run ./scrapers/filmpertutti_co.py FilmPerTuttiCo fulltest
FilmsenzalimitiCo,http://www.filmsenzalimiti.cool,OK,,./scraper-run ./scrapers/filmsenzalimiti_co.py FilmsenzalimitiCo fulltest
FilmskimaratonCom,http://filmskimaraton.com,FAILURE,ScraperFetchException 'Exception from requests' <class 'requests.exceptions.ConnectionError'>
FilmstreamitaCom,http://beststreaming.info,OK,,./scraper-run ./scrapers/filmstreamita_com.py FilmstreamitaCom fulltest
FilmsvostfrBiz,http://www.filmsvostfr.cc,OK,,./scraper-run ./scrapers/filmsvostfr_biz.py FilmsvostfrBiz fulltest
FilmtornadoEu,https://filmtornado.cc,OK,,./scraper-run ./scrapers/filmtornado_eu.py FilmtornadoEu fulltest
FilmuxOrg,https://filmux.org,OK,,./scraper-run ./scrapers/filmux_org.py FilmuxOrg fulltest
FilmySerialyOnlineTv,http://filmy-serialy-online.tv,FAILURE,ScraperFetchException 'Exception from requests' <class 'requests.exceptions.ConnectionError'>
FilmyhdNet,http://filmyhd.net,OK,,./scraper-run ./scrapers/filmyhd_net.py FilmyhdNet fulltest
FindTV,http://findtv.net,OK,,./scraper-run ./scrapers/findtv_net.py FindTV fulltest
FiuxyCom,https://www.fiuxy.co,OK,,./scraper-run ./scrapers/fiuxy_com.py FiuxyCom fulltest
FlixTapuzCoIl,http://flix.tapuz.co.il,OK,,./scraper-run ./scrapers/flix_tapuz_co_il.py FlixTapuzCoIl fulltest
FlowerBlogOrg,https://www.flower-blog.org,OK,,./scraper-run ./scrapers/flower_blog_org.py FlowerBlogOrg fulltest
FlvpeliculasOrg,http://flvpeliculas.org,OK,,./scraper-run ./scrapers/flvpeliculas_org.py FlvpeliculasOrg fulltest
ForodeSeries,http://forodeseries.net,OK,,./scraper-run ./scrapers/forodeseries_net.py ForodeSeries fulltest
ForonsnCom,http://www.foronsn.com,OK,,./scraper-run ./scrapers/foronsn_com.py ForonsnCom fulltest
Forum_HDmovie_vn,http://forum.hdmovie.vn,OK,,./scraper-run ./scrapers/forum_hdmovie_vn.py Forum_HDmovie_vn fulltest
Forumxvid,http://www.forumxvid.com,FAILURE,ScraperFetchException 'Origin Connection Time-out' <>
FptplayNet,https://fptplay.net,OK,,./scraper-run ./scrapers/fptplay_net.py FptplayNet fulltest
FreeDisc,http://freedisc.pl,OK,,./scraper-run ./scrapers/freedisc_pl.py FreeDisc fulltest
FreeeeOrg,http://www.freeee.org,OK,,./scraper-run ./scrapers/freeee_org.py FreeeeOrg fulltest
FreeMoviesOnlineMe,http://freemoviesonline.me,OK,,./scraper-run ./scrapers/freemoviesonline_me.py FreeMoviesOnlineMe fulltest
FreeMoviesStreaming,http://www.freemoviesstreaming.net,FAILURE,ScraperFetchException 'Exception from requests' <class 'requests.exceptions.ConnectionError'>
FreshWapOrg,http://freshwap.org,OK,,./scraper-run ./scrapers/freshwap_us.py FreshWapOrg fulltest
FreshWapUs,http://www.freshwap.us,OK,,./scraper-run ./scrapers/freshwap_us.py FreshWapUs fulltest
FsExclueCom,http://www.fs-exclue.com,OK,,./scraper-run ./scrapers/fs_exclue_com.py FsExclueCom fulltest
FullStreamLa,http://full-stream.tv,FAILURE,ScraperFetchException 'Origin Connection Time-out' <>
FullStreamNu,http://full-stream.nu,OK,,./scraper-run ./scrapers/full_stream_nu.py FullStreamNu fulltest
FullStreamings,http://www.full-streamings.net,OK,,./scraper-run ./scrapers/full_streamings_net.py FullStreamings fulltest
Fulldiziizleyelim2Com,http://www.fulldiziizleyelim2.com,OK,,./scraper-run ./scrapers/fulldiziizleyelim2_com.py Fulldiziizleyelim2Com fulltest
Fullhd720pizleCom,http://www.fullhd720pizle.net,OK,,./scraper-run ./scrapers/fullhd720pizle_com.py Fullhd720pizleCom fulltest
Fullmovie2in,http://www.fullmovie2in.eu,OK,,./scraper-run ./scrapers/fullmovie2in_net.py Fullmovie2in fulltest
Fullmovies2hdCom,http://fullmovies2hd.com,OK,,./scraper-run ./scrapers/fullmovies2hd_com.py Fullmovies2hdCom fulltest
FullMoviesNow,https://fullmoviesnow.com,OK,,./scraper-run ./scrapers/fullmoviesnow_com.py FullMoviesNow fulltest
FullpeliculashdCom,http://www.fullpeliculashd.com,FAILURE,ScraperFetchException 'Forbidden' <>
FullywatchonlineCom,http://fullywatchonline.com,OK,,./scraper-run ./scrapers/fullywatchonline_com.py FullywatchonlineCom fulltest
FuntudeCom,http://www.funtude.com,OK,,./scraper-run ./scrapers/funtude_com.py FuntudeCom fulltest
FztvseriesMobi,https://www.fztvseries.mobi,OK,,./scraper-run ./scrapers/fztvseries_mobi.py FztvseriesMobi fulltest
G1filmesGratis,http://www.g1filmes.net,FAILURE,ScraperFetchException 'Origin Connection Time-out' <>
G2GFm,http://cyro.se,OK,,./scraper-run ./scrapers/g2g_fm.py G2GFm fulltest
GalaxyclubCn,http://galaxyclub.cn,OK,,./scraper-run ./scrapers/galaxyclub_cn.py GalaxyclubCn fulltest
GamatotvMe,http://gamatotv.me,OK,,./scraper-run ./scrapers/gamatotv_me.py GamatotvMe fulltest
GanoolCom,https://goody.to,REDIRECT,https://ganool.st/,./scraper-run ./scrapers/ganool_com.py GanoolCom fulltest
GeektvMa,http://geektv.ma,OK,,./scraper-run ./scrapers/geektv_ma.py GeektvMa fulltest
GeneralSearchCom,http://www.general-search.com,OK,,./scraper-run ./scrapers/general_search_com.py GeneralSearchCom fulltest
GeneralFilEs,http://www.generalfil.es,OK,,./scraper-run ./scrapers/generalfil_es.py GeneralFilEs fulltest
GenVideos,http://genvideos.com/,OK,,./scraper-run ./scrapers/genvideos_com.py GenVideos fulltest
GetyarnIo,http://getyarn.io,OK,,./scraper-run ./scrapers/getyarn_io.py GetyarnIo fulltest
Gfxtra2Net,https://www.gfxtraz.com,OK,,./scraper-run ./scrapers/gfxtra2_net.py Gfxtra2Net fulltest
GidOnlineClub,http://gidonline.club,OK,,./scraper-run ./scrapers/gidonline_club.py GidOnlineClub fulltest
GigabaseCom,http://www.gigabase.com,OK,,./scraper-run ./scrapers/gigabase_com.py GigabaseCom fulltest
GingleIn,http://www.gingle.in,REDIRECT,https://www.gingle.in/,./scraper-run ./scrapers/gingle_in.py GingleIn fulltest
GledajSa,https://www.gledajsaprevodom.net,OK,,./scraper-run ./scrapers/gledajsaprevodom_com.py GledajSa fulltest
GnulaNu,http://gnula.nu,OK,,./scraper-run ./scrapers/gnula_nu.py GnulaNu fulltest
GnulaSe,http://gnula.se,OK,,./scraper-run ./scrapers/gnula_se.py GnulaSe fulltest
GofilmPl,http://sevelt.pl/gofilm,OK,http://sevelt.pl/gofilm,./scraper-run ./scrapers/gofilm_pl.py GofilmPl fulltest
GoldenDdl,http://www.golden-ddl.in,OK,,./scraper-run ./scrapers/golden_ddl_net.py GoldenDdl fulltest
GowatchseriesTo,http://gowatchseries1.to,OK,,./scraper-run ./scrapers/gowatchseries_to.py GowatchseriesTo fulltest
GuardarefilmTv,https://www.guardarefilm.uno,OK,,./scraper-run ./scrapers/guardarefilm_tv.py GuardarefilmTv fulltest
GuardaserieOnline,http://www.guardaserie.online/,OK,,./scraper-run ./scrapers/guardaserie_online.py GuardaserieOnline fulltest
HayhaytvVn,http://www.hayhaytv.vn,OK,,./scraper-run ./scrapers/hayhaytv_vn.py HayhaytvVn fulltest
HdsieunhanhCom,http://www.hdsieunhanh.com/,OK,,./scraper-run ./scrapers/hayhaytv_vn.py HdsieunhanhCom fulltest
Hd720Biz,http://hd720.biz,OK,,./scraper-run ./scrapers/hd720_biz.py Hd720Biz fulltest
HdAreaOrg,http://www.hd-area.org,OK,,./scraper-run ./scrapers/hd_area_org.py HdAreaOrg fulltest
HdWorldOrg,http://hd-world.org,OK,,./scraper-run ./scrapers/hd_world_org.py HdWorldOrg fulltest
HdcineonlineOrg,http://hdcineonline.org,REDIRECT,http://hdcineonline.mobi/,./scraper-run ./scrapers/hdcineonline_org.py HdcineonlineOrg fulltest
HdfilmeonlineRo,https://hdfilmeonline.ro,OK,,./scraper-run ./scrapers/hdfilmeonline_ro.py HdfilmeonlineRo fulltest
HdfilmesonlinegratisNet,http://hdfilmesonlinegratis.net,FAILURE,ScraperFetchException 'Exception from requests' <class 'requests.exceptions.ConnectTimeout'>
HdfilminadresiCom,http://www.hdfilminadresi.net,OK,,./scraper-run ./scrapers/hdfilminadresi_com.py HdfilminadresiCom fulltest
HdfilmizlebeNet,http://www.hdfilmizlebe.net,OK,,./scraper-run ./scrapers/hdfilmizlebe_net.py HdfilmizlebeNet fulltest
HdfilmseliCom,http://www.hdfilmseli.com,OK,,./scraper-run ./scrapers/hdfilmseli_com.py HdfilmseliCom fulltest
HdfullTv,http://hdfull.tv,OK,,./scraper-run ./scrapers/hdfull_tv.py HdfullTv fulltest
HdfullfilmizleseneNet,http://www.hdfullfilmizlesene.tv,OK,,./scraper-run ./scrapers/hdfullfilmizlesene_net.py HdfullfilmizleseneNet fulltest
HdizlefilmiOrg,http://www.hdizlefilmi.org,OK,,./scraper-run ./scrapers/hdizlefilmi_org.py HdizlefilmiOrg fulltest
HDKinoteatrCom,http://www.hdkinoteatr.com,OK,,./scraper-run ./scrapers/hdkinoteatr_com.py HDKinoteatrCom fulltest
Hdmovie14Ag,http://solarmovie.net,OK,,./scraper-run ./scrapers/hdmovie14_ag.py Hdmovie14Ag fulltest
HDmoviesmp4,http://hdmoviesmp4.org,OK,,./scraper-run ./scrapers/hdmoviesmp4_org.py HDmoviesmp4 fulltest
HdMoviesPoint,http://hdmoviespoint.info/,REDIRECT,/,./scraper-run ./scrapers/hdmoviespoint_info.py HdMoviesPoint fulltest
HdmoviesWatch,http://www.hdmovieswatch.org,FAILURE,ScraperFetchException 'Exception from requests' <class 'requests.exceptions.ConnectionError'>
HDRezkaTv,http://hdrezka.me,OK,,./scraper-run ./scrapers/hdrezka_tv.py HDRezkaTv fulltest
HdserialsTv,http://www.hdserials.tv,OK,,./scraper-run ./scrapers/hdserials_tv.py HdserialsTv fulltest
HdsolarmovieCom,http://hdsolarmovie.com,OK,,./scraper-run ./scrapers/hdsolarmovie_com.py HdsolarmovieCom fulltest
HDvietnam,http://www.hdvietnam.com/,OK,,./scraper-run ./scrapers/hdvietnam_com.py HDvietnam fulltest
Heroturko,http://www.heroturko.net,OK,,./scraper-run ./scrapers/heroturko_net.py Heroturko fulltest
Heroturkos_Me,http://www.heroturkos.me,OK,,./scraper-run ./scrapers/heroturkos_me.py Heroturkos_Me fulltest
HeymidCom,http://heymid.com,OK,,./scraper-run ./scrapers/heymid_com.py HeymidCom fulltest
HindiLinks4UTo,https://www.hindilinks4u.to,OK,,./scraper-run ./scrapers/hindilink4u_to.py HindiLinks4UTo fulltest
HitkinoOrg,http://hitkino.org,OK,,./scraper-run ./scrapers/hitkino_org.py HitkinoOrg fulltest
HlamerRu,http://hlamer.ru,OK,,./scraper-run ./scrapers/hlamer_ru.py HlamerRu fulltest
KaduRu,http://kadu.ru,OK,,./scraper-run ./scrapers/hlamer_ru.py KaduRu fulltest
Hotfiletrend,http://hotfiletrend.com,OK,,./scraper-run ./scrapers/hotfiletrend_com.py Hotfiletrend fulltest
HugeWarez,http://hugewarez.net,OK,,./scraper-run ./scrapers/hugewarez_net.py HugeWarez fulltest
IandyouPw,http://iandyou.pw,REDIRECT,http://funloty.com/,./scraper-run ./scrapers/iandyou_pw.py IandyouPw fulltest
IData,http://www.idata.ws,FAILURE,ScraperFetchException 'Origin Connection Time-out' <>
IdentiLi,http://www.identi.li,OK,,./scraper-run ./scrapers/identi_li.py IdentiLi fulltest
IdflMe,http://idfl.me,FAILURE,ScraperFetchException 'See Other' <>
IitvPl,http://iitv.pl/,OK,,./scraper-run ./scrapers/iitv_pl.py IitvPl fulltest
ImovieEs,http://imovie.es,OK,,./scraper-run ./scrapers/imovie_es.py ImovieEs fulltest
ImoviesGe,http://www.imovies.cc,OK,,./scraper-run ./scrapers/imovies_ge.py ImoviesGe fulltest
IndavideoHu,http://indavideo.hu,REDIRECT,https://daemon.indapass.hu/http/session_request?redirect_to=http%3A%2F%2Findavideo.hu%2F&partner_id=indavideo,./scraper-run ./scrapers/indavideo_hu.py IndavideoHu fulltest
InkapelisCom,http://www.inkapelis.com/,OK,,./scraper-run ./scrapers/inkapelis_com.py InkapelisCom fulltest
InterCambiosVirtualesOrg,http://www.intercambiosvirtuales.org,OK,,./scraper-run ./scrapers/intercambiosvirtuales_org.py InterCambiosVirtualesOrg fulltest
IntvRu,http://www.intv.ru,OK,,./scraper-run ./scrapers/intv_ru.py IntvRu fulltest
InWarezOrg,http://www.inwarez.org,OK,,./scraper-run ./scrapers/inwarez_org.py InWarezOrg fulltest
IrFree,https://irfree.com,OK,,./scraper-run ./scrapers/irfree_com.py IrFree fulltest
IsraboxCo,https://www.israbox.pw,REDIRECT,https://music.israbox.com/,./scraper-run ./scrapers/israbox_co.py IsraboxCo fulltest
ItafilmVideo,https://www.itafilm.tube,OK,,./scraper-run ./scrapers/itafilm_video.py ItafilmVideo fulltest
ItaliaFilmOrg,http://www.italia-film.gratis,OK,,./scraper-run ./scrapers/italia_film_org.py ItaliaFilmOrg fulltest
ItaliaserieCo,http://www.italiaserie.co,OK,,./scraper-run ./scrapers/italiaserie_co.py ItaliaserieCo fulltest
ItaliaserieNews,http://www.serietvu.com,OK,,./scraper-run ./scrapers/italiaserienews.py ItaliaserieNews fulltest
IwannawatchTo,https://www.iwannawatch.is,OK,,./scraper-run ./scrapers/iwannawatch_to.py IwannawatchTo fulltest
IWatchOnlineTo,https://www.iwatchonline.cr,OK,,./scraper-run ./scrapers/iwatchonline_to.py IWatchOnlineTo fulltest
Jarochos,http://jarochos.net,OK,,./scraper-run ./scrapers/jarochos_net.py Jarochos fulltest
Jomvphd2Com,https://www.jomvphd2.com,OK,,./scraper-run ./scrapers/jomvphd2_com.py Jomvphd2Com fulltest
JpfilesEu,http://jpfiles.eu,OK,,./scraper-run ./scrapers/jpfiles_eu.py JpfilesEu fulltest
KStreamingCom,http://www.k-streaming.com,OK,,./scraper-run ./scrapers/k_streaming_com.py KStreamingCom fulltest
KanKanDotCom,http://www.kankan.com/,OK,,./scraper-run ./scrapers/kankan_com.py KanKanDotCom fulltest
KapeCc,http://kape.cc,OK,,./scraper-run ./scrapers/kape_cc.py KapeCc fulltest
KatTv,http://kat.tv,OK,,./scraper-run ./scrapers/kat_tv.py KatTv fulltest
KaztubeKz,https://kaztube.kz,REDIRECT,http://block.mts.ru/?host=kaztube.kz,./scraper-run ./scrapers/kaztube_kz.py KaztubeKz fulltest
KbagiCom,http://kbagi.com,OK,,./scraper-run ./scrapers/kbagi_com.py KbagiCom fulltest
KinoAzBiz,https://www.kino-az.biz,REDIRECT,http://www.kino-az.biz/,./scraper-run ./scrapers/kino_az_biz.py KinoAzBiz fulltest
KinoDomOrg,http://kino-dom.org/,OK,,./scraper-run ./scrapers/kino_dom_org.py KinoDomOrg fulltest
KinoFilmiNet,http://kino-filmi.net,OK,,./scraper-run ./scrapers/kino_filmi_net.py KinoFilmiNet fulltest
KinoLiveOrg,http://kino-live.red,OK,,./scraper-run ./scrapers/kino_live_org.py KinoLiveOrg fulltest
KinoBarNet,http://kinobar.net,OK,,./scraper-run ./scrapers/kinobar_net.py KinoBarNet fulltest
KinoFilmsTv,http://kinofilms.me,OK,,./scraper-run ./scrapers/kinofilms_tv.py KinoFilmsTv fulltest
KinofluxNet,http://kinoflux.org,OK,,./scraper-run ./scrapers/kinoflux_net.py KinofluxNet fulltest
KinogoCo,http://kinogo.club/,OK,,./scraper-run ./scrapers/kinogo_co.py KinogoCo fulltest
Kinokrad,http://kinokrad.co,OK,,./scraper-run ./scrapers/kinokrad_net.py Kinokrad fulltest
KinoluvrNet,http://kinoluvr.net,OK,,./scraper-run ./scrapers/kinoluvr_net.py KinoluvrNet fulltest
KinomassaNet,http://kinomassa.net,OK,,./scraper-run ./scrapers/kinomassa_net.py KinomassaNet fulltest
KinoMoovNet,http://kinomoov.org,OK,,./scraper-run ./scrapers/kinomoov_net.py KinoMoovNet fulltest
KinoProSmotrNet,http://kinoprosmotr.tv,OK,,./scraper-run ./scrapers/kinoprosmotr_net.py KinoProSmotrNet fulltest
KinoStokNet,http://www.kinostok.net,OK,,./scraper-run ./scrapers/kinostok_net.py KinoStokNet fulltest
KinostokTv,https://kinostok.tv,REDIRECT,http://block.mts.ru/?host=kinostok.tv,./scraper-run ./scrapers/kinostok_tv.py KinostokTv fulltest
KinotochkaNet,http://kinotochka.net,REDIRECT,http://block.mts.ru/?host=kinotochka.net&url=/&params=,./scraper-run ./scrapers/kinotochka_net.py KinotochkaNet fulltest
KinoxPe,https://kinox.pe,OK,,./scraper-run ./scrapers/kinox_pe.py KinoxPe fulltest
KinoxTo,http://kinox.to,OK,,./scraper-run ./scrapers/kinox_to.py KinoxTo fulltest
KinoxTv,https://kinox.tv,OK,,./scraper-run ./scrapers/kinox_tv.py KinoxTv fulltest
KinozadrotClub,http://kinozadrot.club,OK,,./scraper-run ./scrapers/kinozadrot_club.py KinozadrotClub fulltest
KinozalCo,http://kinogou.club,OK,,./scraper-run ./scrapers/kinozal_co.py KinozalCo fulltest
KisscartoonMe,https://kisscartoon.io,OK,,./scraper-run ./scrapers/kisscartoon_me.py KisscartoonMe fulltest
KrucilNet,http://www.krucil.net,OK,,./scraper-run ./scrapers/krucil_net.py KrucilNet fulltest
KutucugumCom,http://kutucugum.com,OK,,./scraper-run ./scrapers/kutucugum_com.py KutucugumCom fulltest
LakornhitCom,http://www.lakornhit.com,OK,,./scraper-run ./scrapers/lakornhit_com.py LakornhitCom fulltest
LastWeekTonightEu,http://last-week-tonight.eu/,OK,,./scraper-run ./scrapers/last_week_tonight_eu.py LastWeekTonightEu fulltest
LatinoMovies,http://www.latinomovies.net,OK,,./scraper-run ./scrapers/latinomovies_net.py LatinoMovies fulltest
Leaker,http://leaker.se,OK,,./scraper-run ./scrapers/leaker_se.py Leaker fulltest
LegendasTv,http://legendas.tv,OK,,./scraper-run ./scrapers/legendas_tv.py LegendasTv fulltest
LetitfilmsCom,http://letitfilms.com,OK,,./scraper-run ./scrapers/letitfilms_com.py LetitfilmsCom fulltest
LevidiaCh,http://www.levidia.ch,OK,,./scraper-run ./scrapers/levidia_ch.py LevidiaCh fulltest
LibertyLandTv,http://libertyland.co,OK,,./scraper-run ./scrapers/libertyland_tv.py LibertyLandTv fulltest
LibreStreamCom,http://libre-stream.com,OK,,./scraper-run ./scrapers/libre_stream_com.py LibreStreamCom fulltest
LiensSeriesCom,http://www.liens-series.com,REDIRECT,http://block.mts.ru?url=http%3A%2F%2Fwww.liens-series.com%2F&ip=104.31.7.190,./scraper-run ./scrapers/liens_series_com.py LiensSeriesCom fulltest
LinksFu,http://wantdl.com,OK,,./scraper-run ./scrapers/linksfu_com.py LinksFu fulltest
Linktury,http://www.linktury.com,OK,,./scraper-run ./scrapers/linktury_com.py Linktury fulltest
Live2hustle,http://www.live2hustle.net,OK,,./scraper-run ./scrapers/live2hustle_net.py Live2hustle fulltest
LoadMovieBiz,http://loadmovie.biz,OK,,./scraper-run ./scrapers/loadmovie_biz.py LoadMovieBiz fulltest
LocopelisCom,http://www.locopelis.com,OK,,./scraper-run ./scrapers/locopelis_com.py LocopelisCom fulltest
LosMoviesCh,http://losmovies.cc,OK,,./scraper-run ./scrapers/losmovies_ch.py LosMoviesCh fulltest
LovelystreamWs,http://www.lovelystream.ws,OK,,./scraper-run ./scrapers/lovelystream_ws.py LovelystreamWs fulltest
LucktvNet,http://lucktv.net,OK,,./scraper-run ./scrapers/lucktv_net.py LucktvNet fulltest
M4ufreeInfo,http://m4ufree.info,OK,,./scraper-run ./scrapers/m4ufree_info.py M4ufreeInfo fulltest
MailRu,https://my.mail.ru,OK,,./scraper-run ./scrapers/mail_ru.py MailRu fulltest
MainDailyflixNet,http://main.dailyflix.net,OK,,./scraper-run ./scrapers/main_dailyflix_net.py MainDailyflixNet fulltest
MajaaNet,http://majaa.mobi,OK,,./scraper-run ./scrapers/majaa_net.py MajaaNet fulltest
MamzoukaComFilm,http://mamzouka.com,OK,,./scraper-run ./scrapers/mamzouka_com.py MamzoukaComFilm fulltest
MamzoukaComTv,http://mamzouka.com,OK,,./scraper-run ./scrapers/mamzouka_com.py MamzoukaComTv fulltest
MasterMovieHDCom,https://www.mastermovie-hd.com,OK,,./scraper-run ./scrapers/mastermovie_hd_com.py MasterMovieHDCom fulltest
MaxipelisNet,http://www.maxipelis.tv,OK,,./scraper-run ./scrapers/maxipelis_net.py MaxipelisNet fulltest
Mazika2dayCom,http://mazika2day.com,OK,,./scraper-run ./scrapers/mazika2day_com.py Mazika2dayCom fulltest
MechoDownload,http://www.mechopirate.com,OK,,./scraper-run ./scrapers/mechodownload_com.py MechoDownload fulltest
Media1fireCom,http://media1fire.com,OK,,./scraper-run ./scrapers/media1fire_com.py Media1fireCom fulltest
Media4shared,http://www.media4play.li,OK,,./scraper-run ./scrapers/media4shared_com.py Media4shared fulltest
MegaBoxLi,http://megashares.ch,OK,,./scraper-run ./scrapers/megabox_li.py MegaBoxLi fulltest
MegaboxfilmesonlineCom,http://megaboxfilmesonline.com,OK,,./scraper-run ./scrapers/megaboxfilmesonline_com.py MegaboxfilmesonlineCom fulltest
Megafilmeshd21Net,http://megafilmeshd21.net,OK,,./scraper-run ./scrapers/megafilmeshd21_net.py Megafilmeshd21Net fulltest
MegaFilmesHdNet,http://megafilmeshd20.org,OK,,./scraper-run ./scrapers/megafilmeshd_net.py MegaFilmesHdNet fulltest
MegaFilmesOnlineNet,http://megafilmesonline.net,OK,,./scraper-run ./scrapers/megafilmesonline_net.py MegaFilmesOnlineNet fulltest
Megaflick,http://megaflick.biz,OK,,./scraper-run ./scrapers/megaflick_biz.py Megaflick fulltest
MegaSearchCo,http://megasearch.co,FAILURE,ScraperFetchException 'Exception from requests' <class 'requests.exceptions.ConnectTimeout'>
MegaSeriesOnline,http://www.megaseriesonline.com,REDIRECT,http://megaseries.online/,./scraper-run ./scrapers/megaseriesonline_com.py MegaSeriesOnline fulltest
MegaShareAt,http://megashare.at,OK,,./scraper-run ./scrapers/megashare_sc.py MegaShareAt fulltest
MegashareSu,http://megashare.su,REDIRECT,http://megasharehd.su/,./scraper-run ./scrapers/megashare_su.py MegashareSu fulltest
MeijuttCom,http://www.meijutt.com,OK,,./scraper-run ./scrapers/meijutt_com.py MeijuttCom fulltest
MhometheaterCom,http://mhometheater.com,OK,,./scraper-run ./scrapers/mhometheater_com.py MhometheaterCom fulltest
MiniDl,http://minidl.org,OK,,./scraper-run ./scrapers/minidl_org.py MiniDl fulltest
MiradetodoNet,http://miradetodo.io,FAILURE,ScraperFetchProxyException 'Service Temporarily Unavailable' <>
MiraloGratis,http://miralogratis.com,OK,,./scraper-run ./scrapers/miralogratis_com.py MiraloGratis fulltest
MkvcageCom,http://www.mkvcage.com,OK,,./scraper-run ./scrapers/mkvcage_com.py MkvcageCom fulltest
MoiserialyNet,http://moiserialy.net,OK,,./scraper-run ./scrapers/moiserialy_net.py MoiserialyNet fulltest
MoridimTv,http://moridim.tv,OK,,./scraper-run ./scrapers/moridim_tv.py MoridimTv fulltest
MosalslCom,http://www.mosalsl.com,FAILURE,ScraperFetchException 'Forbidden' <>
Movie1k,http://www.movie1k.pw,OK,,./scraper-run ./scrapers/movie1k_im.py Movie1k fulltest
Movie25Ag,http://tinklepad.ag,REDIRECT,https://tinklepad.ag/,./scraper-run ./scrapers/movie25_ag.py Movie25Ag fulltest
Movie2KTl,http://www.movie2k.am,OK,,./scraper-run ./scrapers/movie2k_tl.py Movie2KTl fulltest
Movie4KDotTv,https://movie4k.tv,OK,,./scraper-run ./scrapers/movie4k_tv.py Movie4KDotTv fulltest
Movie4KTo,https://movie4k.to,OK,,./scraper-run ./scrapers/movie4k_tv.py Movie4KTo fulltest
Movie4kOrg,http://movie4k.org,OK,,./scraper-run ./scrapers/movie4k_tv.py Movie4kOrg fulltest
MovieTo,https://movie.to,OK,,./scraper-run ./scrapers/movie4k_tv.py MovieTo fulltest
Movie4U,http://movie4u.cc/,REDIRECT,https://movie4u.cc/,./scraper-run ./scrapers/movie4u_org.py Movie4U fulltest
Movie8K,https://www.movie9k.to/,FAILURE,ScraperFetchException 'Exception from requests' <class 'requests.exceptions.ConnectionError'>
MovieBlog,http://www.movie-blog.org,OK,,./scraper-run ./scrapers/movie_blog_org.py MovieBlog fulltest
MovieForumCo,http://movie-forum.co,OK,,./scraper-run ./scrapers/movie_forum_co.py MovieForumCo fulltest
MovieLifeNet,http://www.movie-life.net,OK,,./scraper-run ./scrapers/movie_life_net.py MovieLifeNet fulltest
MoviehdFreeCom,https://www.moviehd-free.com,OK,,./scraper-run ./scrapers/moviehd_free_com.py MoviehdFreeCom fulltest
MovieRulzTo,http://www.movierulz.ch,REDIRECT,http://www.movierulz.ag/,./scraper-run ./scrapers/movierulz_to.py MovieRulzTo fulltest
Movies365In,http://movies365.me,REDIRECT,https://movies365.me/,./scraper-run ./scrapers/movies365_in.py Movies365In fulltest
Movies300mbCom,http://www.movies-300mb.net,REDIRECT,https://www.movies-300mb.net/,./scraper-run ./scrapers/movies_300mb_com.py Movies300mbCom fulltest
MoviesHubTv,http://movieshub.tv,OK,,./scraper-run ./scrapers/movieshub_tv.py MoviesHubTv fulltest
Moviesok,http://moviesok.info,OK,,./scraper-run ./scrapers/moviesok_info.py Moviesok fulltest
MoviesubOrg,https://moviesub.is,OK,,./scraper-run ./scrapers/moviesub_org.py MoviesubOrg fulltest
MoviesubOrg,https://moviesub.is,OK,,./scraper-run ./scrapers/moviesub_tv.py MoviesubOrg fulltest
MoviesubTv,http://moviesub.tv,REDIRECT,http://moviesub.is/,./scraper-run ./scrapers/moviesub_tv.py MoviesubTv fulltest
MoviesunusaNet,http://moviesunusa.net,OK,,./scraper-run ./scrapers/moviesunusa_net.py MoviesunusaNet fulltest
MovietubenowBz,http://www.movietubenow.bz,OK,,./scraper-run ./scrapers/movietubenow_bz.py MovietubenowBz fulltest
MovietubenowinhdCom,http://www.movietubenowinhd.com,OK,,./scraper-run ./scrapers/movietubenowinhd_com.py MovietubenowinhdCom fulltest
MoviewatcherIo,http://moviewatcher.io,OK,,./scraper-run ./scrapers/moviewatcher_io.py MoviewatcherIo fulltest
MovikiRu,http://www.moviki.ru,OK,,./scraper-run ./scrapers/moviki_ru.py MovikiRu fulltest
MovizlandCom,http://movizland.com,OK,,./scraper-run ./scrapers/movizland_com.py MovizlandCom fulltest
MozicsillagCc,http://mozicsillag.cc,OK,,./scraper-run ./scrapers/mozicsillag_cc.py MozicsillagCc fulltest
MphimNet,http://www.mphim.net,OK,,./scraper-run ./scrapers/mphim_net.py MphimNet fulltest
MundoflvCom,http://mundoflv.com,OK,,./scraper-run ./scrapers/mundoflv_com.py MundoflvCom fulltest
MyHitOrg,https://my-hit.org,OK,,./scraper-run ./scrapers/my_hit_org.py MyHitOrg fulltest
MyBoerseBz,http://myboerse.bz,FAILURE,ScraperFetchException 'Exception from requests' <class 'requests.exceptions.ReadTimeout'>
MyGullyCom,http://mygully.com,FAILURE,ScraperFetchProxyException 'Service Unavailable' <>
Myp30movie_Ir,http://www.myp30movie.ir,OK,,./scraper-run ./scrapers/myp30movie_ir.py Myp30movie_Ir fulltest
MyvideoAz,http://www.myvideo.az,OK,,./scraper-run ./scrapers/myvideo_az.py MyvideoAz fulltest
MyVideoLinksXyz,http://go.newmyvideolink.xyz,OK,,./scraper-run ./scrapers/myvideolinks_xyz.py MyVideoLinksXyz fulltest
NambaKz,http://namba.kz,REDIRECT,http://block.mts.ru/?host=namba.kz&url=/&params=,./scraper-run ./scrapers/namba_kz.py NambaKz fulltest
NaszeKinoEu,https://nasze-kino.online,OK,,./scraper-run ./scrapers/nasze_kino_eu.py NaszeKinoEu fulltest
NaszeKinoPl,http://nasze-kino.pl,OK,,./scraper-run ./scrapers/nasze_kino_pl.py NaszeKinoPl fulltest
NeomaksRu,http://neomaks.ru,OK,,./scraper-run ./scrapers/neomaks_ru.py NeomaksRu fulltest
NewepisodesMe,http://newepisodes.me,OK,,./scraper-run ./scrapers/newepisodes_me.py NewepisodesMe fulltest
Newpct1Com,http://www.newpct1.com,OK,,./scraper-run ./scrapers/newpct1_com.py Newpct1Com fulltest
NewpctCom,http://www.newpct.com,OK,,./scraper-run ./scrapers/newpct_com.py NewpctCom fulltest
NezzsorozatokatInfo,http://nezzsorozatokat.info,OK,,./scraper-run ./scrapers/nezzsorozatokat_info.py NezzsorozatokatInfo fulltest
NonTonDotCom,http://www.nonton.com,OK,,./scraper-run ./scrapers/nonton_com.py NonTonDotCom fulltest
NontonMobi,http://www.nonton.mobi,OK,,./scraper-run ./scrapers/nonton_mobi.py NontonMobi fulltest
Nowfilms,http://kinokong.cc,OK,,./scraper-run ./scrapers/nowfilms_ru.py Nowfilms fulltest
NukleoseriesCom,http://www.nukleoseries.com,OK,,./scraper-run ./scrapers/nukleoseries_com.py NukleoseriesCom fulltest
O2TVSeries,http://o2tvseries.com,OK,,./scraper-run ./scrapers/o2tvseries.py O2TVSeries fulltest
Ojin_Tv,http://ojin.tv,OK,,./scraper-run ./scrapers/ojin_tv.py Ojin_Tv fulltest
OldRlsbbCom,http://old.rlsbb.com,OK,,./scraper-run ./scrapers/old_rlsbb_com.py OldRlsbbCom fulltest
OneseriesTv,http://watchseason.tv,REDIRECT,/en/,./scraper-run ./scrapers/oneseries_tv.py OneseriesTv fulltest
OnlainFilmiNet,https://onlain-filmi.net,OK,,./scraper-run ./scrapers/onlain_filmi_net.py OnlainFilmiNet fulltest
OnlainFilmUcozUa,http://onlainfilm.ucoz.ua,OK,,./scraper-run ./scrapers/onlainfilm_ucoz_ua.py OnlainFilmUcozUa fulltest
OnlineFilmer,https://online-filmer.org,OK,,./scraper-run ./scrapers/online_filmer_net.py OnlineFilmer fulltest
OnlineFreebeeRu,http://online-freebee.ru,OK,,./scraper-run ./scrapers/online_freebee_ru.py OnlineFreebeeRu fulltest
OnlineLife,http://www.online-life.cc,REDIRECT,http://www.online-life.in/,./scraper-run ./scrapers/online_life_me.py OnlineLife fulltest
OnlineMult,http://online-mult.net,OK,,./scraper-run ./scrapers/online_mult_net.py OnlineMult fulltest
OnlineStepashkaCom,http://online.stepashka.com,REDIRECT,http://block.mts.ru/?host=online.stepashka.com&url=/&params=,./scraper-run ./scrapers/online_stepashka_com.py OnlineStepashkaCom fulltest
OnlinebioskopCo,http://www.fenixsite.com,OK,,./scraper-run ./scrapers/onlinebioskop_co.py OnlinebioskopCo fulltest
OnlinefilmovisaprevodomCo,https://onlinefilmovisaprevodom.ws,OK,,./scraper-run ./scrapers/onlinefilmovisaprevodom_co.py OnlinefilmovisaprevodomCo fulltest
OnlinemoviewatchsLi,http://onlinemoviewatchs.li,REDIRECT,https://onlinemoviewatchs.li/,./scraper-run ./scrapers/onlinemoviewatchs_li.py OnlinemoviewatchsLi fulltest
OnlineMultfilmyRu,http://onlinemultfilmy.ru,OK,,./scraper-run ./scrapers/onlinemultfilmy_ru.py OnlineMultfilmyRu fulltest
OranlineCom,http://www.vixto.net,OK,,./scraper-run ./scrapers/oranline_com.py OranlineCom fulltest
OrOroTv,https://ororo.tv,OK,https://ororo.tv/,./scraper-run ./scrapers/ororo_tv.py OrOroTv fulltest
OstFilmTv,http://ostfilmtv.org,OK,http://ostfilmtv.org/,./scraper-run ./scrapers/ostfilmtv_org.py OstFilmTv fulltest
PandamovieNet,https://pandamovie.eu,OK,,./scraper-run ./scrapers/pandamovie_net.py PandamovieNet fulltest
PapystreamingOrg,http://papystreaming.org,OK,,./scraper-run ./scrapers/papystreaming_org.py PapystreamingOrg fulltest
PapystreamingserieCom,http://papystreamingserie.com,REDIRECT,/VUZeZ/,./scraper-run ./scrapers/papystreamingserie_com.py PapystreamingserieCom fulltest
PasteBinCom,http://pastebin.com,REDIRECT,https://pastebin.com/,./scraper-run ./scrapers/pastebin_com.py PasteBinCom fulltest
PeeLink2Org,http://www.peelink2.net,OK,,./scraper-run ./scrapers/peelink2_org.py PeeLink2Org fulltest
Peliculas247Com,http://peliculas24-7.com,OK,,./scraper-run ./scrapers/peliculas24_7_com.py Peliculas247Com fulltest
Peliculas4Tv,http://peliculas4.mobi,OK,,./scraper-run ./scrapers/peliculas4_tv.py Peliculas4Tv fulltest
PeliculasaudiolatinoCom,http://peliculasaudiolatino.com,OK,,./scraper-run ./scrapers/peliculasaudiolatino_com.py PeliculasaudiolatinoCom fulltest
PeliculaschingonasOrg,https://www.peliculaschingonas.org,OK,,./scraper-run ./scrapers/peliculaschingonas_org.py PeliculaschingonasOrg fulltest
PeliculasflvTv,https://www.peliculasflv.tv,OK,,./scraper-run ./scrapers/peliculasflv_tv.py PeliculasflvTv fulltest
PeliculasGratisBiz,http://peliculasgratis.biz,OK,,./scraper-run ./scrapers/peliculasgratis_biz.py PeliculasGratisBiz fulltest
PeliculaSio,http://peliculasio.com,OK,,./scraper-run ./scrapers/peliculasio_com.py PeliculaSio fulltest
Peliculasmas,http://peliculasmas.com,OK,,./scraper-run ./scrapers/peliculasmas_com.py Peliculasmas fulltest
PeliculasrajoyCom,http://peliculasrajoy.com,OK,,./scraper-run ./scrapers/peliculasrajoy_com.py PeliculasrajoyCom fulltest
PeliculasreyCom,http://www.peliculasrey.com,OK,,./scraper-run ./scrapers/peliculasrey_com.py PeliculasreyCom fulltest
PeliculasyonkisSx,http://www.peliculasyonkis.sx,OK,,./scraper-run ./scrapers/peliculasyonkis_sx.py PeliculasyonkisSx fulltest
PeliculasyoutubeCom,http://peliculasyoutube.com,OK,,./scraper-run ./scrapers/peliculasyoutube_com.py PeliculasyoutubeCom fulltest
Pelis24Com,http://pelis24.tv,OK,,./scraper-run ./scrapers/pelis24_com.py Pelis24Com fulltest
Pelis24Mobi,http://pelis24.mobi,OK,,./scraper-run ./scrapers/pelis24_mobi.py Pelis24Mobi fulltest
PelismegahdOrg,http://www.pelismegahd.pe,OK,,./scraper-run ./scrapers/pelismegahd_org.py PelismegahdOrg fulltest
PelisOnlineHD,http://pelisonlinehd.com,OK,,./scraper-run ./scrapers/pelisonlinehd_com.py PelisOnlineHD fulltest
PelispediaTv,http://www.pelispedia.tv,OK,,./scraper-run ./scrapers/pelispedia_tv.py PelispediaTv fulltest
PelisplanetCom,http://www.pelisplanet.com,OK,,./scraper-run ./scrapers/pelisplanet_com.py PelisplanetCom fulltest
PepeCine,http://pepecine.net/,OK,,./scraper-run ./scrapers/pepecine_net.py PepeCine fulltest
PftvCom,http://pf-tv.com,REDIRECT,http://putlocker4k.be/,./scraper-run ./scrapers/pf_tv_com.py PftvCom fulltest
Phim3s,http://xemhoathinh.net,OK,,./scraper-run ./scrapers/phim3s_net.py Phim3s fulltest
PhimdataCom,http://www.phimdata.com,OK,,./scraper-run ./scrapers/phimdata_com.py PhimdataCom fulltest
PhimvangCom,http://phimvang.com,REDIRECT,http://m.phimvang.com/,./scraper-run ./scrapers/phimvang_com.py PhimvangCom fulltest
PirateclubHu,https://www.pirateclub.hu,OK,,./scraper-run ./scrapers/pirateclub_hu.py PirateclubHu fulltest
PiratestreamingNews,http://www.piratestreaming.black,OK,,./scraper-run ./scrapers/piratestreaming_news.py PiratestreamingNews fulltest
PlaneteSeriesInfo,http://www.telechargement.planete-series.info,REDIRECT,http://www.telechargements.planete-series.info/,./scraper-run ./scrapers/planete_series_info.py PlaneteSeriesInfo fulltest
Pobieramy24,http://pobieramy24.pl,FAILURE,ScraperFetchException 'See Other' <>
PocosmegashddCom,http://www.pocosmegashd.net,OK,,./scraper-run ./scrapers/pocosmegashdd_com.py PocosmegashddCom fulltest
PortalultautvRo,http://www.portalultautv.com,OK,,./scraper-run ./scrapers/portalultautv_ro.py PortalultautvRo fulltest
PPTVCom,http://search.pptv.com,REDIRECT,http://www.pptv.com,./scraper-run ./scrapers/pptv_com.py PPTVCom fulltest
PrimeSeriesTo,http://primeseries.to,OK,,./scraper-run ./scrapers/primeseries_to.py PrimeSeriesTo fulltest
PrimewireAg,http://www.primewire.ag,OK,,./scraper-run ./scrapers/primewire_ag.py PrimewireAg fulltest
WatchFreeMoviesCh,http://www.watchfreemovies.ch,OK,,./scraper-run ./scrapers/primewire_ag.py WatchFreeMoviesCh fulltest
ProgramasFullMega,http://programasfullmega.com/,OK,,./scraper-run ./scrapers/programasfullmega_com.py ProgramasFullMega fulltest
ProgramasgratisfullCom,http://www.programasgratisfull.com,OK,,./scraper-run ./scrapers/programasgratisfull_com.py ProgramasgratisfullCom fulltest
ProjectFreeTV,http://project-free-tv.im,REDIRECT,http://project-free-tv.li/,./scraper-run ./scrapers/projectfreetv_so.py ProjectFreeTV fulltest
Projectfreetv_Us,http://projectfreetv.us,OK,,./scraper-run ./scrapers/projectfreetv_us.py Projectfreetv_Us fulltest
ProjectfreetvonlinenowCom,http://www.newprojectfreetv.com,OK,,./scraper-run ./scrapers/projectfreetvonlinenow_com.py ProjectfreetvonlinenowCom fulltest
ProjectwatchfreeTv,http://project-free-tv.li,OK,,./scraper-run ./scrapers/projectwatchfree_tv.py ProjectwatchfreeTv fulltest
ProjectWatchSeries,http://projectwatchseries.com,OK,,./scraper-run ./scrapers/projectwatchseries_com.py ProjectWatchSeries fulltest
PromptFileCom,http://www.promptfile.com,FAILURE,ScraperFetchException 'Exception from requests' <class 'requests.exceptions.ReadTimeout'>
PSPMafiaCom,http://pspmafia.com,OK,,./scraper-run ./scrapers/pspmafia_com.py PSPMafiaCom fulltest
PublizHare,http://www.publizhare.com,OK,,./scraper-run ./scrapers/publizhare_com.py PublizHare fulltest
PutlockerAc,http://putlocker.ac/,OK,,./scraper-run ./scrapers/putlocker_ac.py PutlockerAc fulltest
PutlockerIs,http://putlocker9.com,OK,,./scraper-run ./scrapers/putlocker_is.py PutlockerIs fulltest
PutlockerLive,http://putlockerr.live,REDIRECT,http://putlocker.watch/,./scraper-run ./scrapers/putlocker_live.py PutlockerLive fulltest
PutlockerfreeCom,https://www.putlockerfree.is,REDIRECT,https://putlockerfree.la/,./scraper-run ./scrapers/putlockerfree_com.py PutlockerfreeCom fulltest
PutlockerTVshows,http://putlockertvshows.me,OK,,./scraper-run ./scrapers/putlockertvshows_me.py PutlockerTVshows fulltest
PuxandoLegalOrg,https://baixar.link,FAILURE,ScraperFetchException 'Exception from requests' <class 'requests.exceptions.ConnectTimeout'>
PyMovieNet,http://www.pymovie.com.mx,REDIRECT,http://www.pymovie.co/,./scraper-run ./scrapers/pymovie_net.py PyMovieNet fulltest
QuedustreamCom,http://www.quedustreaming.com,OK,,./scraper-run ./scrapers/quedustream_com.py QuedustreamCom fulltest
QuikrmoviesTo,https://quikrmovies.to,OK,,./scraper-run ./scrapers/quikrmovies_to.py QuikrmoviesTo fulltest
RadioflyWs,http://www.radiofly.ws,OK,,./scraper-run ./scrapers/radiofly_ws.py RadioflyWs fulltest
Rapid4MeCom,http://rapid4me.com,OK,,./scraper-run ./scrapers/rapid4me_com.py Rapid4MeCom fulltest
RapidSearchEngine,https://rapid-search-engine.com,OK,,./scraper-run ./scrapers/rapid_search_engine_com.py RapidSearchEngine fulltest
RapidLinks,http://rapidlinks.org,REDIRECT,http://block.mts.ru/?host=rapidlinks.org&url=/&params=,./scraper-run ./scrapers/rapidlinks_ru.py RapidLinks fulltest
RapidMoviez,http://rmz.cr,FAILURE,'NoneType' object has no attribute 'find_next'
RapidShareMix,http://rapidsharemix.com,OK,,./scraper-run ./scrapers/rapidsharemix_com.py RapidShareMix fulltest
Rapidtrend,http://rapidtrend.com,OK,,./scraper-run ./scrapers/rapidtrend_com.py Rapidtrend fulltest
RapidvideoWs,http://rapidvideo.ws,OK,,./scraper-run ./scrapers/rapidvideo_ws.py RapidvideoWs fulltest
RdlinksCom,https://www.rdlinks.com,OK,,./scraper-run ./scrapers/rdlinks_com.py RdlinksCom fulltest
Recpelis,http://www.recpelis.com,OK,,./scraper-run ./scrapers/recpelis_com.py Recpelis fulltest
Regarder_film_gratuit,http://www.regarder-film-gratuit.eu,OK,,./scraper-run ./scrapers/regarder_film_gratuit_com.py Regarder_film_gratuit fulltest
RepelisMobi,http://repelis.mobi,OK,,./scraper-run ./scrapers/repelis_mobi.py RepelisMobi fulltest
RepelisTv,http://www.repelis.tv,OK,,./scraper-run ./scrapers/repelis_tv.py RepelisTv fulltest
Repian,http://list.repian.com,OK,,./scraper-run ./scrapers/repian_com.py Repian fulltest
RlsBBCom,http://rlsbb.com,REDIRECT,http://www.rlsbb.ru/,./scraper-run ./scrapers/rlsbb_com.py RlsBBCom fulltest
RlsbbTomindBiz,http://rlsbb.tomind.biz/,REDIRECT,http://www.searchesinteractive.com/?dn=tomind.biz&pid=9POW531R4,./scraper-run ./scrapers/rlsbb_tomind_biz.py RlsbbTomindBiz fulltest
Rlslog,http://www.rlslog.net,OK,,./scraper-run ./scrapers/rlslog_net.py Rlslog fulltest
RockOldiesNet,http://rockoldies.net,OK,,./scraper-run ./scrapers/rockoldies_net.py RockOldiesNet fulltest
Rodoved,http://www.rodoved.org,OK,,./scraper-run ./scrapers/rodoved_org.py Rodoved fulltest
Romawka1,http://romawka1.ru,OK,,./scraper-run ./scrapers/romawka1_ru.py Romawka1 fulltest
RSLinksOrg,http://rslinks.org,OK,,./scraper-run ./scrapers/rslinks_org.py RSLinksOrg fulltest
SceneRlsCom,http://scene-rls.net,OK,,./scraper-run ./scrapers/scene_rls_com.py SceneRlsCom fulltest
SceneSource,http://www.scenesource.me,OK,,./scraper-run ./scrapers/scenesource_me.py SceneSource fulltest
SceperUnlockprojectCom,https://sceper.unlockpro.bid,REDIRECT,https://sceper.unlockpro.club/,./scraper-run ./scrapers/sceper_unlockproject_com.py SceperUnlockprojectCom fulltest
Sceper_ws,http://sceper.ws,OK,,./scraper-run ./scrapers/sceper_ws.py Sceper_ws fulltest
ScnlogEu,https://scnlog.eu,OK,,./scraper-run ./scrapers/scnlog_eu.py ScnlogEu fulltest
ScnsrcMe,http://scnsrc.me,OK,,./scraper-run ./scrapers/scnsrc_me.py ScnsrcMe fulltest
SdilejCz,http://sdilej.cz,OK,,./scraper-run ./scrapers/sdilej_cz.py SdilejCz fulltest
SeasonVarRu,http://seasonvar.ru,OK,,./scraper-run ./scrapers/seasonvar_ru.py SeasonVarRu fulltest
SerethdNet,http://serethd.net,OK,,./scraper-run ./scrapers/serethd_net.py SerethdNet fulltest
SeriaZNet,http://seria-z.net,OK,,./scraper-run ./scrapers/seria_z_net.py SeriaZNet fulltest
SerialeOnlinePl,http://www.serialeonline.pl,REDIRECT,https://www.serialeonline.pl/,./scraper-run ./scrapers/serialeonline_pl.py SerialeOnlinePl fulltest
SerialeplayNet,http://serialefilme.net,OK,,./scraper-run ./scrapers/serialeplay_net.py SerialeplayNet fulltest
SerialguruRu,http://serialguru.ru,OK,,./scraper-run ./scrapers/serialguru_ru.py SerialguruRu fulltest
SerializmCom,http://serializm.com,OK,,./scraper-run ./scrapers/serializm_com.py SerializmCom fulltest
SerialonlineEu,http://serialonline.eu,OK,,./scraper-run ./scrapers/serialonline_eu.py SerialonlineEu fulltest
SerialyczCz,http://www.serialycz.cz,OK,,./scraper-run ./scrapers/serialycz_cz.py SerialyczCz fulltest
SerieStreamingCc,http://serie-streaming.cc,FAILURE,ScraperFetchException 'Forbidden' <>
SerieStreamingTv,http://www.serie-streaming.tv,REDIRECT,http://www.seriestreaming.net/,./scraper-run ./scrapers/serie_streaming_tv.py SerieStreamingTv fulltest
SerieStreamingVfNet,http://serie-streaming-vf.org,REDIRECT,http://serie-streaming-vf.tv/,./scraper-run ./scrapers/serie_streaming_vf_net.py SerieStreamingVfNet fulltest
SerienjunkiesOrg,http://serienjunkies.org,REDIRECT,http://block.serienjunkies.org,./scraper-run ./scrapers/serienjunkies_org.py SerienjunkiesOrg fulltest
SerienStream,https://serienstream.to,OK,,./scraper-run ./scrapers/serienstream_to.py SerienStream fulltest
Series4watchCom,https://series4watch.tv,REDIRECT,http://www.series4watch.tv/,./scraper-run ./scrapers/series4watch_com.py Series4watchCom fulltest
SeriesCravingsMe,http://series-cravings.li,OK,,./scraper-run ./scrapers/series_cravings_me.py SeriesCravingsMe fulltest
SeriesadictoCom,http://seriesadicto.com,OK,,./scraper-run ./scrapers/seriesadicto_com.py SeriesadictoCom fulltest
SeriesbangTo,http://www.seriesbang.to,OK,,./scraper-run ./scrapers/seriesbang_to.py SeriesbangTo fulltest
SeriesBlanco,http://seriesblanco.com,OK,,./scraper-run ./scrapers/seriesblanco_com.py SeriesBlanco fulltest
SeriesdankoCom,http://seriesdanko.com,REDIRECT,http://seriesdanko.to/,./scraper-run ./scrapers/seriesdanko_com.py SeriesdankoCom fulltest
SerieseasonTv,http://serieseason.tv,FAILURE,ScraperFetchException 'Exception from requests' <class 'requests.exceptions.ConnectTimeout'>
SeriesEnMega,http://seriesenmega.com,OK,,./scraper-run ./scrapers/seriesenmega_com.py SeriesEnMega fulltest
SeriesflvNetInfo,http://www.seriesflv.info,OK,,./scraper-run ./scrapers/seriesflv_info.py SeriesflvNetInfo fulltest
SeriesflvNet,http://www.seriesflv.net,FAILURE,ScraperFetchException 'Origin Connection Time-out' <>
SeriesggCom,http://seriesgg.com,OK,,./scraper-run ./scrapers/seriesgg_com.py SeriesggCom fulltest
SeriesonlineWs,http://www.seriesonline.ws,FAILURE,ScraperFetchException 'Origin Connection Time-out' <>
SeriesonlinehdOrg,http://www.seriesonlinehd.org,OK,,./scraper-run ./scrapers/seriesonlinehd_org.py SeriesonlinehdOrg fulltest
SeriespapayaCom,http://www.seriespapaya.com,OK,,./scraper-run ./scrapers/seriespapaya_com.py SeriespapayaCom fulltest
SeriesparaassistironlineOrg,http://seriesparaassistironline.org,OK,,./scraper-run ./scrapers/seriesparaassistironline_org.py SeriesparaassistironlineOrg fulltest
SeriesPepitoTo,https://www.seriespepito.to,OK,,./scraper-run ./scrapers/seriespepito_to.py SeriesPepitoTo fulltest
FilmLinks4UTo,https://www.filmlinks4u.is,OK,,./scraper-run ./scrapers/seriespormega_com.py FilmLinks4UTo fulltest
SeriesPormegaCom,http://seriespormega.com,OK,,./scraper-run ./scrapers/seriespormega_com.py SeriesPormegaCom fulltest
SeriesTotales,http://seriestotales.com,OK,,./scraper-run ./scrapers/seriestotales_com.py SeriesTotales fulltest
SeriesubthaiCo,http://www.useries.co,OK,,./scraper-run ./scrapers/seriesubthai_co.py SeriesubthaiCo fulltest
SerieswNet,http://www.seriesw.net,OK,,./scraper-run ./scrapers/seriesw_net.py SerieswNet fulltest
SeriesxdTv,http://www.seriesxd.tv,OK,,./scraper-run ./scrapers/seriesxd_tv.py SeriesxdTv fulltest
SeriesYonkisSx,https://yonkis.to,OK,,./scraper-run ./scrapers/seriesyonkis_sx.py SeriesYonkisSx fulltest
SeriesytvNet,http://seriesytv.net,OK,,./scraper-run ./scrapers/seriesytv_net.py SeriesytvNet fulltest
SeriesytvTv,http://www.seriesytv.tv,OK,,./scraper-run ./scrapers/seriesytv_tv.py SeriesytvTv fulltest
SerieszoneCom,http://serieszone.com,OK,,./scraper-run ./scrapers/serieszone_com.py SerieszoneCom fulltest
SerietvinstreamingForumfreeIt,http://serietvinstreaming.forumfree.it,OK,,./scraper-run ./scrapers/serietvinstreaming_forumfree_it.py SerietvinstreamingForumfreeIt fulltest
SerieTVsubita,http://serietvsubita.net,OK,,./scraper-run ./scrapers/serietvsubita_net.py SerieTVsubita fulltest
Shaanig,https://www.shaanig.org,OK,,./scraper-run ./scrapers/shaanig_com.py Shaanig fulltest
ShareOnlineBiz,http://www.share-online.biz/,OK,,./scraper-run ./scrapers/share_online_biz.py ShareOnlineBiz fulltest
ShareDirCom,https://sharedir.com,OK,,./scraper-run ./scrapers/sharedir_com.py ShareDirCom fulltest
ShostreamFr,http://www.shostream.fr,REDIRECT,http://chat.shostream.fr/signup_user_complete/?id=kei9hy5fzbn4umzg4i5y4ihs8o,./scraper-run ./scrapers/shostream_fr.py ShostreamFr fulltest
SinemafilmOrg,http://www.sinemafilm.org,OK,,./scraper-run ./scrapers/sinemafilm_org.py SinemafilmOrg fulltest
SineturkCo,http://www.sineturk.co,OK,,./scraper-run ./scrapers/sineturk_co.py SineturkCo fulltest
SipeliculasCom,http://www.sipeliculas.com,OK,,./scraper-run ./scrapers/sipeliculas_com.py SipeliculasCom fulltest
SkstreamNet,http://www.skstream.org,REDIRECT,http://www.skstream.co/,./scraper-run ./scrapers/skstream_net.py SkstreamNet fulltest
SledujufilmyCz,https://sledujufilmy.cz,OK,,./scraper-run ./scrapers/sledujufilmy_cz.py SledujufilmyCz fulltest
SmotrimSerialCom,http://smotrim-serial.com,OK,,./scraper-run ./scrapers/smotrim_serial_com.py SmotrimSerialCom fulltest
Sockshare,http://www.watchfree.cx,FAILURE,ScraperFetchProxyException 'Service Temporarily Unavailable' <>
SoftArchive,https://sanet.cd,OK,,./scraper-run ./scrapers/softarchive_net.py SoftArchive fulltest
SogouCom,http://v.sogou.com,OK,,./scraper-run ./scrapers/sogou_com.py SogouCom fulltest
SokrostreamBiz,http://sokrostream.cc,OK,,./scraper-run ./scrapers/sokrostream_biz.py SokrostreamBiz fulltest
MerDB,http://www.letmewatchthis.ltd,REDIRECT,http://www.letmewatchthis.life/,./scraper-run ./scrapers/solarmovie_ae.py MerDB fulltest
SomosMoviesCom,http://somosmovies.com,OK,,./scraper-run ./scrapers/somosmovies_com.py SomosMoviesCom fulltest
SorozatBarat,https://www.sorozat-barat.club,OK,,./scraper-run ./scrapers/sorozat_barat_info.py SorozatBarat fulltest
SorozatkatalogusCc,http://sorozatkatalogus.cc,OK,,./scraper-run ./scrapers/sorozatkatalogus_cc.py SorozatkatalogusCc fulltest
SpacemovCom,https://www.spacemov.tv,OK,,./scraper-run ./scrapers/spacemov_com.py SpacemovCom fulltest
SpeedplayUs,https://speedplay.us,OK,,./scraper-run ./scrapers/speedplay_us.py SpeedplayUs fulltest
SteamhdmoviesCom,http://steamhdmovies.com,OK,,./scraper-run ./scrapers/steamhdmovies_com.py SteamhdmoviesCom fulltest
StreamTV2,http://stream-tv3.me,REDIRECT,http://stream-tv3.co/,./scraper-run ./scrapers/stream_tv2_ag.py StreamTV2 fulltest
StreamTvSeriesInfo,http://stream-tv-series.info,OK,,./scraper-run ./scrapers/stream_tv_series_info.py StreamTvSeriesInfo fulltest
StreamWatchBiz,http://www.stream-watch.co,OK,,./scraper-run ./scrapers/stream_watch_biz.py StreamWatchBiz fulltest
StreamallthisIs,http://streamallthis.is,OK,,./scraper-run ./scrapers/streamallthis_is.py StreamallthisIs fulltest
Streamay,https://streamay.bz,REDIRECT,http://streamay.ws/,./scraper-run ./scrapers/streamay_com.py Streamay fulltest
StreamCompletCom,http://streamcomplet.com,OK,,./scraper-run ./scrapers/streamcomplet_com.py StreamCompletCom fulltest
StreamDownOrg,http://www.telechargement.planete-series.info/,REDIRECT,http://www.telechargements.planete-series.info/,./scraper-run ./scrapers/streamdown_org.py StreamDownOrg fulltest
StreameNet,http://streame.net,OK,,./scraper-run ./scrapers/streame_net.py StreameNet fulltest
StreamingSerieCo,http://streaming-serie.me,REDIRECT,http://zone-streaming.pro,./scraper-run ./scrapers/streaming_serie_co.py StreamingSerieCo fulltest
StreamingSeriesXyz,http://www.streaming-series.cx,FAILURE,ScraperFetchProxyException 'Service Temporarily Unavailable' <>
StreamingClicFilm,http://www.istreamin.com,OK,,./scraper-run ./scrapers/streamingclicknet.py StreamingClicFilm fulltest
StreamingClicTv,http://www.istreamin.com,OK,,./scraper-run ./scrapers/streamingclicknet.py StreamingClicTv fulltest
StreamingkCom,http://streamingk.com,OK,,./scraper-run ./scrapers/streamingk_com.py StreamingkCom fulltest
StreamizFilms,https://streamiz-films.com,REDIRECT,https://www.voirfilmze.com/,./scraper-run ./scrapers/streamiz_films_com.py StreamizFilms fulltest
StreamlordCom,http://www.streamlord.com,OK,,./scraper-run ./scrapers/streamlord_com.py StreamlordCom fulltest
StreamtunerAg,http://streamtuner.li,OK,,./scraper-run ./scrapers/streamtuner_ag.py StreamtunerAg fulltest
Streamzzz,http://streamzzz.com,FAILURE,ScraperFetchException 'Forbidden' <>
StyanuloNet,http://styanulo.net,OK,,./scraper-run ./scrapers/styanulo_net.py StyanuloNet fulltest
SuperEstrenoCom,http://www.estrenosx.com,OK,,./scraper-run ./scrapers/superestreno_com.py SuperEstrenoCom fulltest
SweFlixNet,http://www.sweflix.ws,OK,,./scraper-run ./scrapers/sweflix_net.py SweFlixNet fulltest
TainiesOnline,https://tainies.online,OK,,./scraper-run ./scrapers/tainies_online.py TainiesOnline fulltest
TamilgunCom,http://tamilgun.pro,REDIRECT,http://tamilgun.ooo,./scraper-run ./scrapers/tamilgun_com.py TamilgunCom fulltest
TamilrockersAc,http://tamilrockers.mx,REDIRECT,http://tamilrockers.im/,./scraper-run ./scrapers/tamilrockers_ac.py TamilrockersAc fulltest
TantifilmOrg,http://www.tantifilm.me,OK,,./scraper-run ./scrapers/tantifilm_org.py TantifilmOrg fulltest
TehParadoxCom,http://tehparadox.com/forum,OK,http://tehparadox.com/forum,./scraper-run ./scrapers/tehparadox_com.py TehParadoxCom fulltest
TelechargementzTv,http://www.gratuit.telechargementz.tv,REDIRECT,http://www.stream.telechargementz.tv/,./scraper-run ./scrapers/telechargementz_tv.py TelechargementzTv fulltest
Telona,http://www.telona.org,OK,,./scraper-run ./scrapers/telona_org.py Telona fulltest
Tfilm,http://tfilm.space,OK,,./scraper-run ./scrapers/tfilm_tv.py Tfilm fulltest
TheCinemaRu,http://the-cinema.net,OK,,./scraper-run ./scrapers/the_cinema_ru.py TheCinemaRu fulltest
TheWatchSeriesTo,http://onwatchseries.to,REDIRECT,http://mywatchseries.to/,./scraper-run ./scrapers/the_watch_series_to.py TheWatchSeriesTo fulltest
The_Watch_SeriesTo,http://the-watch-series.to,OK,,./scraper-run ./scrapers/the_watch_series_to.py The_Watch_SeriesTo fulltest
WatchSeriesAg,http://watch-series.ag,OK,,./scraper-run ./scrapers/the_watch_series_to.py WatchSeriesAg fulltest
WatchSeriesClub,http://watchseries.club,OK,,./scraper-run ./scrapers/the_watch_series_to.py WatchSeriesClub fulltest
WatchSeriesPh,http://watchseries.ph,OK,,./scraper-run ./scrapers/the_watch_series_to.py WatchSeriesPh fulltest
ThedaretellyCom,http://www.thedarewatch.com,OK,,./scraper-run ./scrapers/thedaretelly_com.py ThedaretellyCom fulltest
TheDareTube,http://www.thedaretube.com,OK,,./scraper-run ./scrapers/thedaretube_com.py TheDareTube fulltest
TheseriesdubladasOrg,http://www.theseriesdubladas.org,FAILURE,ScraperFetchException 'Forbidden' <>
ThesolarmovieMe,http://thesolarmoviehd.com,REDIRECT,http://solarmovie123.com/,./scraper-run ./scrapers/thesolarmovie_me.py ThesolarmovieMe fulltest
TheVideoMe,https://thevideo.me,OK,,./scraper-run ./scrapers/thevideo_me.py TheVideoMe fulltest
ThevideosTv,http://thevideos.tv,FAILURE,ScraperFetchException 'Origin Connection Time-out' <>
TodaypkCC,http://todaypk.la,REDIRECT,https://todaypk.li/,./scraper-run ./scrapers/todaypk_cc.py TodaypkCC fulltest
TododvdfullCom,http://www.tododvdfull.com,OK,,./scraper-run ./scrapers/tododvdfull_com.py TododvdfullCom fulltest
Tom51,http://www.tom51.cc,REDIRECT,http://www.qvodzy.com/,./scraper-run ./scrapers/tom51_cc.py Tom51 fulltest
Tonitop,http://www.tonitop.org,OK,,./scraper-run ./scrapers/tonitop_org.py Tonitop fulltest
Topdezfilmes,http://topdezfilmes.org,OK,,./scraper-run ./scrapers/topdezfilmes_org.py Topdezfilmes fulltest
TopMovies21,http://filmbaru.icinema3satu.xyz,OK,,./scraper-run ./scrapers/topmovies21_heck_in.py TopMovies21 fulltest
TopptNet,http://toppt.net,OK,,./scraper-run ./scrapers/toppt_net.py TopptNet fulltest
TopserialySk,https://www.topserialy.to,FAILURE,ScraperFetchException 'Forbidden' <>
TorrenthulkxCom,http://www.torrenthulkx.com/,REDIRECT,http://block.mts.ru?url=http%3A%2F%2Fwww.torrenthulkx.com%2F&ip=54.72.130.67,./scraper-run ./scrapers/torrenthulkx_com.py TorrenthulkxCom fulltest
TorrentlocuraCom,http://torrentlocura.com,OK,,./scraper-run ./scrapers/torrentlocura_com.py TorrentlocuraCom fulltest
TremendaSeries,http://tremendaseries.com/,OK,,./scraper-run ./scrapers/tremendaseries_com.py TremendaSeries fulltest
TrolioTo,http://trolio.to,FAILURE,ScraperFetchException 'Origin Down' <>
TrubaCom,http://truba.com,OK,,./scraper-run ./scrapers/truba_com.py TrubaCom fulltest
TruongtonNet,http://truongton.net,OK,http://truongton.net/,./scraper-run ./scrapers/truongton_net.py TruongtonNet fulltest
TtmeijuCom,http://ttmeiju.com,OK,,./scraper-run ./scrapers/ttmeiju_com.py TtmeijuCom fulltest
TuTv,http://tu.tv,OK,,./scraper-run ./scrapers/tu_tv.py TuTv fulltest
TubePlusIsFilm,http://www.tubeplus.ag,REDIRECT,https://tvbox.ag/redirect.php?q=,./scraper-run ./scrapers/tubeplus_is.py TubePlusIsFilm fulltest
TubePlusIsTv,http://www.tubeplus.ag,REDIRECT,https://tvbox.ag/redirect.php?q=,./scraper-run ./scrapers/tubeplus_is.py TubePlusIsTv fulltest
TugaflixCom,http://tugaflix.com,OK,,./scraper-run ./scrapers/tugaflix_com.py TugaflixCom fulltest
TumejortorrentCom,http://tumejortorrent.com,OK,,./scraper-run ./scrapers/tumejortorrent_com.py TumejortorrentCom fulltest
TunemoviesTo,http://tunemovies.to,FAILURE,ScraperFetchException 'Exception from requests' <class 'requests.exceptions.ConnectionError'>
TupeliculaTv,http://www.tupelicula.tv,OK,,./scraper-run ./scrapers/tupelicula_tv.py TupeliculaTv fulltest
TurkGraphicStore,http://www.turkgraphicstore.ch,OK,,./scraper-run ./scrapers/turkgraphicstore_ch.py TurkGraphicStore fulltest
Tuserie,http://tuserie.com,OK,,./scraper-run ./scrapers/tuserie_com.py Tuserie fulltest
Tushkan_net,http://tushkan.club,OK,,./scraper-run ./scrapers/tushkan_net.py Tushkan_net fulltest
Tv543Com,http://www.eyesplay.org/,OK,,./scraper-run ./scrapers/tv543_com.py Tv543Com fulltest
TvReleasePw,http://tv-release.pw,OK,,./scraper-run ./scrapers/tv_release_pw.py TvReleasePw fulltest
TvShowsOnline,http://www.7stream.pro/,FAILURE,ScraperFetchException 'Origin Connection Time-out' <>
TVcok,http://www.tvcok.ru,OK,,./scraper-run ./scrapers/tvcok_ru.py TVcok fulltest
Tvids,http://www.tvids.net,OK,,./scraper-run ./scrapers/tvids_net.py Tvids fulltest
TVmovieFlix,http://tvmovieflix.com,FAILURE,ScraperFetchProxyException 'Service Temporarily Unavailable' <>
TvOnlineTw,http://opentuner.is,REDIRECT,https://opentuner.is/,./scraper-run ./scrapers/tvonline_tw.py TvOnlineTw fulltest
TvpelisNet,http://tvpelis.net,OK,,./scraper-run ./scrapers/tvpelis_net.py TvpelisNet fulltest
TvseriesonlinePl,http://www.tvseriesonline.pl,OK,,./scraper-run ./scrapers/tvseriesonline_pl.py TvseriesonlinePl fulltest
TVshowsHDTV,http://tvshows-hdtv.org,OK,,./scraper-run ./scrapers/tvshows_hdtv_org.py TVshowsHDTV fulltest
TvStreamCh,http://tvstream.ch,OK,,./scraper-run ./scrapers/tvstream_ch.py TvStreamCh fulltest
TvZingVn,http://tv.zing.vn,OK,,./scraper-run ./scrapers/tvzing_vn.py TvZingVn fulltest
TwistysDownloadCom,http://www.twistysdownload.com,OK,,./scraper-run ./scrapers/twistysdownload_com.py TwistysDownloadCom fulltest
TwoDdl,http://2ddl.la,REDIRECT,http://2ddl.ag/,./scraper-run ./scrapers/twoddl_eu.py TwoDdl fulltest
UakinoNet,http://uakino.net,OK,,./scraper-run ./scrapers/uakino_net.py UakinoNet fulltest
Ulmovies,http://ulmovies.com,FAILURE,ScraperFetchProxyException 'Internal Server Error' <>
UlozTo,https://www.uloz.to,OK,,./scraper-run ./scrapers/uloz_to.py UlozTo fulltest
UltracineComBr,http://www.ultracine.com.br,FAILURE,ScraperFetchException 'Exception from requests' <class 'requests.exceptions.ConnectionError'>
UltrafilmizleCom,http://www.ultrafilmizle.com,OK,,./scraper-run ./scrapers/ultrafilmizle_com.py UltrafilmizleCom fulltest
UltraVidCom,http://ultra-vid.com,OK,,./scraper-run ./scrapers/ultravid_com.py UltraVidCom fulltest
Unduh31Com,http://unduh31.com,OK,,./scraper-run ./scrapers/unduh31_com.py Unduh31Com fulltest
UpdvdOrg,http://updvd.org,OK,,./scraper-run ./scrapers/updvd_org.py UpdvdOrg fulltest
UwatchfreeOrg,http://www.uwatchfree.co,OK,,./scraper-run ./scrapers/uwatchfree_org.py UwatchfreeOrg fulltest
VaphimCom,http://vaphim.com,OK,,./scraper-run ./scrapers/vaphim_com.py VaphimCom fulltest
VediserieCom,http://www.vediserie.com,OK,,./scraper-run ./scrapers/vediserie_com.py VediserieCom fulltest
VeehdCom,http://veehd.com,OK,,./scraper-run ./scrapers/veehd_com.py VeehdCom fulltest
VerfilmesBiz,http://www.verfilmes.biz,OK,,./scraper-run ./scrapers/verfilmes_biz.py VerfilmesBiz fulltest
VerFilme,https://www.verfilmesonlinegratis.co,FAILURE,ScraperFetchException 'Forbidden' <>
VerJuegoDet,http://www.verjuegodetronosenhd.com,OK,,./scraper-run ./scrapers/verjuegodetronosenhd_com.py VerJuegoDet fulltest
VerpeliculasonlineComAr,http://www.verpeliculasonline.com.ar,OK,,./scraper-run ./scrapers/verpeliculasonline_com_ar.py VerpeliculasonlineComAr fulltest
VeryCdCom,http://www.verycd.com,OK,,./scraper-run ./scrapers/verycd_com.py VeryCdCom fulltest
VeziOnlineCom,https://vezi-online.com,OK,,./scraper-run ./scrapers/vezi_online_com.py VeziOnlineCom fulltest
VeziserialeonlineInfo,http://www.veziserialeonline.info,OK,,./scraper-run ./scrapers/veziserialeonline_info.py VeziserialeonlineInfo fulltest
Video2kIs,http://www.video2k.is,OK,,./scraper-run ./scrapers/video2k_is.py Video2kIs fulltest
VideoAnons,http://www.videoanons.ru,OK,,./scraper-run ./scrapers/videoanons_ru.py VideoAnons fulltest
VideoclipBg,http://www.videoclip.bg,OK,,./scraper-run ./scrapers/videoclip_bg.py VideoclipBg fulltest
VideogetMe,http://videoget.me,FAILURE,ScraperFetchException 'Origin Connection Time-out' <>
Vidics,http://www.vidics.ch,REDIRECT,https://www.vidics.to/,./scraper-run ./scrapers/vidics_ch.py Vidics fulltest
VidmateMobi,http://www.vidmate.mobi,OK,,./scraper-run ./scrapers/vidmate_mobi.py VidmateMobi fulltest
VidtoMe,http://vidto.me,OK,,./scraper-run ./scrapers/vidto_me.py VidtoMe fulltest
VidwatchMe,http://vidwatch.me,OK,,./scraper-run ./scrapers/vidwatch_me.py VidwatchMe fulltest
VidziTV,http://vidzi.tv,OK,,./scraper-run ./scrapers/vidzi_tv.py VidziTV fulltest
ViewingVault,http://www.viewingvault.com/forum,OK,http://www.viewingvault.com/forum,./scraper-run ./scrapers/viewingvault_com.py ViewingVault fulltest
VimeoinfoCom,http://www.vimeoinfo.com,OK,,./scraper-run ./scrapers/vimeoinfo_com.py VimeoinfoCom fulltest
VioozAc,http://viooz.ac,OK,,./scraper-run ./scrapers/viooz_ac.py VioozAc fulltest
ViptvNet,http://viptv.net,OK,,./scraper-run ./scrapers/viptv_net.py ViptvNet fulltest
VKCom,https://api.vk.com,FAILURE,ScraperFetchException 'Forbidden' <>
VkoolNet,http://vkool.net,OK,,./scraper-run ./scrapers/vkool_net.py VkoolNet fulltest
VkstreamingfilmBiz,http://www.vkstreamingfilm.biz,OK,,./scraper-run ./scrapers/vkstreamingfilm_biz.py VkstreamingfilmBiz fulltest
VodlockCo,http://vodlock.co,OK,,./scraper-run ./scrapers/vodlock_co.py VodlockCo fulltest
VodlockerPro,https://vodlocker.cx,REDIRECT,https://vodlockerfree.com/,./scraper-run ./scrapers/vodlocker_pro.py VodlockerPro fulltest
VoirFilms,http://www.voirfilms.co,REDIRECT,http://www.voirfilms.biz/,./scraper-run ./scrapers/voirfilms_co.py VoirFilms fulltest
VojvodinanetCom,http://www.vojvodinanet.com,OK,,./scraper-run ./scrapers/vojvodinanet_com.py VojvodinanetCom fulltest
VovfNet,http://vovf.net,OK,,./scraper-run ./scrapers/vovf_net.py VovfNet fulltest
VoxfilmeonlineNet,http://voxfilmeonline.net,REDIRECT,https://voxfilmeonline.net/,./scraper-run ./scrapers/voxfilmeonline_net.py VoxfilmeonlineNet fulltest
VumooAt,http://vumoo.li,OK,,./scraper-run ./scrapers/vumoo_at.py VumooAt fulltest
WarezBbOrgFilm,https://www.warez-bb.org,OK,,./scraper-run ./scrapers/warez_bb_org.py WarezBbOrgFilm fulltest
WarezBbOrgTV,https://www.warez-bb.org,OK,,./scraper-run ./scrapers/warez_bb_org.py WarezBbOrgTV fulltest
WarezSerbia,http://warez-serbia.com,OK,,./scraper-run ./scrapers/warez_serbia_com.py WarezSerbia fulltest
WareznetCz,http://wareznet.cz,OK,,./scraper-run ./scrapers/wareznet_cz.py WareznetCz fulltest
Watch32_is,http://watch32.is,OK,,./scraper-run ./scrapers/watch32_is.py Watch32_is fulltest
Watch32moviesNet,http://watch32movies.co,REDIRECT,http://watch32movies.net/,./scraper-run ./scrapers/watch32movies_net.py Watch32moviesNet fulltest
Watch5sTo,http://watch5s.is,REDIRECT,https://watch5s.is/,./scraper-run ./scrapers/watch5s_to.py Watch5sTo fulltest
WatchTvseriesNet,http://1.watch-tvseries.net,OK,,./scraper-run ./scrapers/watch_tvseries_net.py WatchTvseriesNet fulltest
WatchepisodesCo,http://www.watchepisodeseries.com/,OK,,./scraper-run ./scrapers/watchepisodes_co.py WatchepisodesCo fulltest
WatchEpisodes,http://www.watchepisodes4.com,OK,,./scraper-run ./scrapers/watchepisodes_com.py WatchEpisodes fulltest
WatchersCollectionBlogspotDe,http://watchers-collection.blogspot.ru/,OK,,./scraper-run ./scrapers/watchers_collection_blogspot_de.py WatchersCollectionBlogspotDe fulltest
WatchFreeTo,http://www.watchfree.to,OK,,./scraper-run ./scrapers/watchfree_to.py WatchFreeTo fulltest
WatchinItNu,http://watchin-it.nu,OK,,./scraper-run ./scrapers/watchin_it_nu.py WatchinItNu fulltest
WatchItVideosTV,http://watchitvideos.info,REDIRECT,http://watchemvideos.com/,./scraper-run ./scrapers/watchitvideos_tv.py WatchItVideosTV fulltest
WatchmovieIs,http://watchmovie.today,OK,,./scraper-run ./scrapers/watchmovie_is.py WatchmovieIs fulltest
WatchMovieFull,http://www.watchmoviefull.org/,REDIRECT,http://www.hdfreemovies.org/,./scraper-run ./scrapers/watchmoviefull.py WatchMovieFull fulltest
WatchmoviesOnlineLa,http://watchmovies-online.is,OK,,./scraper-run ./scrapers/watchmovies_online_la.py WatchmoviesOnlineLa fulltest
WatchmoviesPro,http://www.123movies.live,OK,,./scraper-run ./scrapers/watchmoviespro_me.py WatchmoviesPro fulltest
WatchonlineSeriesCom,http://watchonline-series.com,OK,,./scraper-run ./scrapers/watchonline_series_com.py WatchonlineSeriesCom fulltest
WatchOnlineCartoons,http://www.watchonlinecartoons.net,OK,,./scraper-run ./scrapers/watchonlinecartoons_net.py WatchOnlineCartoons fulltest
WatchSeriesAg,https://watchseriesfree.to,OK,,./scraper-run ./scrapers/watchseries_ag.py WatchSeriesAg fulltest
WatchTVSeriesDotSE,http://watchtvseries.se/,REDIRECT,https://watchtvseries.se/,./scraper-run ./scrapers/watchseries_ag.py WatchTVSeriesDotSE fulltest
WatchTVSeriesVC,https://watchtvseries.vc,OK,,./scraper-run ./scrapers/watchseries_ag.py WatchTVSeriesVC fulltest
Watchseries_li,http://watchseries.cr/,OK,,./scraper-run ./scrapers/watchseries_li.py Watchseries_li fulltest
Watchseries_li,http://watchseries.cr/,OK,,./scraper-run ./scrapers/watchseries_lt.py Watchseries_li fulltest
Watchseries_lt,http://watchseries.cr,OK,,./scraper-run ./scrapers/watchseries_lt.py Watchseries_lt fulltest
WatchSeriesOnlineCh,https://watchseries-online.pl,OK,,./scraper-run ./scrapers/watchseries_online_ch.py WatchSeriesOnlineCh fulltest
WatchseriesGoTo,https://www.watchseries.ac,FAILURE,ScraperFetchException 'Exception from requests' <class 'requests.exceptions.ConnectionError'>
WatchSeriesUS,http://watchseriesus.tv,OK,,./scraper-run ./scrapers/watchseriesus_tv.py WatchSeriesUS fulltest
WatchtvepisodeOnline,http://series7.top,FAILURE,ScraperFetchException 'Exception from requests' <class 'requests.exceptions.ConnectionError'>
WatchTvLinksSx,http://watchtvlinks.sx,REDIRECT,http://wtvl.to/,./scraper-run ./scrapers/watchtvlinks_sx.py WatchTvLinksSx fulltest
WtvlTo,http://wtvl.to,OK,,./scraper-run ./scrapers/watchtvlinks_sx.py WtvlTo fulltest
Watchtvseries_unblocked_pe,http://watchtvseries.unblckd.one,REDIRECT,http://watchtvseries.unblckd.top/,./scraper-run ./scrapers/watchtvseries_unblocked_pe.py Watchtvseries_unblocked_pe fulltest
WawaManiaBiz,http://wawa-mania.biz,FAILURE,ScraperFetchProxyException 'Internal Server Error' <>
Webshare,https://en.webshare.cz,OK,,./scraper-run ./scrapers/webshare_cz.py Webshare fulltest
WebteizleOrg,http://webteizle.org,OK,,./scraper-run ./scrapers/webteizle_org.py WebteizleOrg fulltest
WikiseriesonlineCom,http://www.wikiseriesonline.com,OK,,./scraper-run ./scrapers/wikiseriesonline_com.py WikiseriesonlineCom fulltest
Wkinie,http://wkinie.tv,REDIRECT,/VVQdZ/,./scraper-run ./scrapers/wkinie_tv.py Wkinie fulltest
WoaikanxiNet,http://woaikanxi.net,OK,,./scraper-run ./scrapers/woaikanxi_net.py WoaikanxiNet fulltest
World4ufreeWs,https://world4ufree.ws,OK,,./scraper-run ./scrapers/world4ufree_ws.py World4ufreeWs fulltest
WatchTvLinksSx,http://watchtvlinks.sx,REDIRECT,http://wtvl.to/,./scraper-run ./scrapers/wtvl_to.py WatchTvLinksSx fulltest
WtvlTo,http://wtvl.to,OK,,./scraper-run ./scrapers/wtvl_to.py WtvlTo fulltest
WwwVivaStreamOrg,http://www.viva-stream.org,OK,,./scraper-run ./scrapers/www_viva_stream_org.py WwwVivaStreamOrg fulltest
Xbox360isoCom,http://www.xbox360iso.com,OK,,./scraper-run ./scrapers/xbox360iso_com.py Xbox360isoCom fulltest
XemphimonCom,http://xemphimon.com,OK,,./scraper-run ./scrapers/xemphimon_com.py XemphimonCom fulltest
XemphimsoCom,http://xemphimso.com,OK,,./scraper-run ./scrapers/xemphimso_com.py XemphimsoCom fulltest
XfilmeSerialeCom,http://www.xfilme-seriale.com,OK,,./scraper-run ./scrapers/xfilme_seriale_com.py XfilmeSerialeCom fulltest
